Model,MRIP,Test Case,# of Waypoints,Error distance (Source),Error distance (FollowUp),Time to destination (Source),Time to destination (FollowUp),Balancing (Source),Balancing (FollowUp),Distance to the car Follow up,Distance to the car Source,Source exec time,Follow up exec time
purePursuitUSCity,MRIP1_1,1,51,2.067760555,2.022987756,43.47,40.09,1.127653386,1.136096758,31.6227766,31.6227766,26.530003,27.6910131
purePursuitUSCity,MRIP1_1,2,51,3.195163593,3.893029255,41.64,39.4,2.245076449,2.592273312,31.6227766,31.6227766,24.8073111,24.1216994
purePursuitUSCity,MRIP1_1,3,41,1.726995945,1.472035103,25.2,23.37,0.529474757,0.545356489,31.6227766,31.6227766,20.8609695,23.2056073
purePursuitUSCity,MRIP1_1,4,11,0.003602435,0.003602404,12.95,11.99,0,0,31.6227766,31.6227766,16.7338013,19.9301754
purePursuitUSCity,MRIP1_1,5,41,1.512141593,1.467828684,71.81,64.66,1.090740959,1.099861851,31.6227766,31.6227766,32.2619429,32.8946479
purePursuitUSCity,MRIP1_1,6,51,1.224356803,1.409146271,50.49,46.6,0.931513785,1.022159192,31.6227766,31.6227766,27.1780769,34.0085327
purePursuitUSCity,MRIP1_1,7,31,23.30765748,23.32369043,43.04,40.07,0.666838101,0.709436107,31.6227766,31.6227766,25.581743,27.7935765
purePursuitUSCity,MRIP1_1,8,52,0.21010341,0.280163453,8.98,8.41,0.118890502,0.124490922,31.6227766,31.6227766,15.7290581,18.5929638
purePursuitUSCity,MRIP1_1,9,51,1.432524993,1.435208981,79.33,73.03,1.189824528,1.192021404,31.6227766,31.6227766,33.3926677,34.8262852
purePursuitUSCity,MRIP1_1,10,31,1.774226191,1.781617884,47.83,43.36,0.377910709,0.38434849,31.6227766,31.6227766,26.6148595,28.4770796
purePursuitUSCity,MRIP1_1,11,51,11.50441615,14.38846056,42.44,39.86,1.956112605,2.226372456,31.6227766,31.6227766,25.5685746,28.1064814
purePursuitUSCity,MRIP1_1,12,32,0.205494277,0.175110372,28.33,25.94,0.06855509,0.072320128,31.6227766,31.6227766,21.3530765,24.2005089
purePursuitUSCity,MRIP1_1,13,11,0.000641298,0.000641001,2.86,2.86,3.0685E-08,1.09542E-13,31.6227766,31.6227766,14.4396708,17.1919405
purePursuitUSCity,MRIP1_1,14,61,0.023023053,0.023076214,52.62,48.48,3.49849E-13,5.85865E-06,31.6227766,31.6227766,27.3370778,29.346063
purePursuitUSCity,MRIP1_1,15,71,1.903555449,1.898313437,91.8,84.46,1.223935011,1.225098123,31.6227766,31.6227766,35.7469616,37.8245664
purePursuitUSCity,MRIP1_1,16,31,22.11892196,22.03314413,29.72,28.3,0.698779803,0.726305118,31.6227766,31.6227766,22.2282769,24.7698568
purePursuitUSCity,MRIP1_1,17,41,3.415909619,3.435922448,31.57,29.11,1.089282287,1.123564852,31.6227766,31.6227766,27.2797304,28.2726741
purePursuitUSCity,MRIP1_1,18,51,2.934734904,3.007497609,44.71,40.85,0.59131344,0.625948207,31.6227766,31.6227766,25.5844346,27.8659582
purePursuitUSCity,MRIP1_1,19,62,1.909069431,1.895765248,46.88,42.97,0.618997356,0.630394095,31.6227766,31.6227766,25.8390082,28.4488264
purePursuitUSCity,MRIP1_1,20,22,0.198460424,0.185108572,30.74,28.16,0.074903087,0.076278713,31.6227766,31.6227766,22.2729659,24.4708245
purePursuitUSCity,MRIP1_1,21,21,0.05386767,0.049105909,16.12,15.21,0.011928788,0.015491673,31.6227766,31.6227766,18.19612,20.8089445
purePursuitUSCity,MRIP1_1,22,51,0.977739257,0.982621203,54.7,50.33,0.803564532,0.832721506,31.6227766,31.6227766,28.2589547,29.9058231
purePursuitUSCity,MRIP1_1,23,41,1.699503881,1.549676956,24.89,23.03,0.508405817,0.525006896,31.6227766,31.6227766,20.7556795,23.1404339
purePursuitUSCity,MRIP1_1,24,71,3.401206125,3.429854387,50.75,46.81,1.251202389,1.322296939,31.6227766,31.6227766,27.2892427,29.1478655
purePursuitUSCity,MRIP1_1,25,61,2.382926582,2.31743266,95.91,87.86,0.351101147,0.350555937,31.6227766,31.6227766,37.0830595,38.336234
purePursuitUSCity,MRIP1_1,26,61,22.67082537,22.6852894,70.42,66.05,2.083972514,2.316152034,31.6227766,31.6227766,33.46146,30.3721564
purePursuitUSCity,MRIP1_1,27,22,1.682122176,1.624568879,26.15,23.58,0.753923327,0.765504871,31.6227766,31.6227766,20.7205423,23.6224387
purePursuitUSCity,MRIP1_1,28,51,1.404454351,1.275475403,47.58,44.7,1.290434892,1.347103834,31.6227766,31.6227766,29.9531574,29.7080372
purePursuitUSCity,MRIP1_1,29,51,1.88839504,1.690212919,52.13,47.87,1.163680696,1.23877064,31.6227766,31.6227766,27.1976295,26.8459455
purePursuitUSCity,MRIP1_1,30,62,1.295789973,1.333714877,86.25,80.33,1.312889512,1.336431329,31.6227766,31.6227766,35.1167953,37.1517288
purePursuitUSCity,MRIP1_1,31,11,0.00205399,0.002059138,6.85,6.57,2.56486E-13,3.21436E-10,31.6227766,31.6227766,15.2341313,18.4810821
purePursuitUSCity,MRIP1_1,32,62,3.359556462,3.477268355,36.56,35.72,0.618224289,0.636897018,31.6227766,31.6227766,24.3819861,27.098033
purePursuitUSCity,MRIP1_1,33,51,1.220992061,1.012193829,35.43,32.73,0.86775019,0.879877162,31.6227766,31.6227766,23.4671846,26.1205165
purePursuitUSCity,MRIP1_1,34,51,1.496518801,1.405590325,53.74,49.14,0.71662237,0.727002411,31.6227766,31.6227766,27.1552885,26.3762871
purePursuitUSCity,MRIP1_1,35,71,5.302684287,5.310828496,55.76,51.85,0.757596545,0.803488216,31.6227766,31.6227766,28.4415155,30.7216067
purePursuitUSCity,MRIP1_1,36,11,0.000638738,0.000637039,3.13,3.13,1.92033E-11,8.19463E-12,31.6227766,31.6227766,14.6774057,17.2422176
purePursuitUSCity,MRIP1_1,37,22,0.918886222,0.918885437,34.24,31.85,0.803244748,0.821517291,31.6227766,31.6227766,23.0923261,25.7625245
purePursuitUSCity,MRIP1_1,38,61,1.992888061,2.037289069,60.06,54.82,0.173532834,0.189262994,31.6227766,31.6227766,29.0349089,31.2592753
purePursuitUSCity,MRIP1_1,39,21,0.915827103,0.910268241,10.59,10.06,0.13509296,0.13546224,31.6227766,31.6227766,16.3429306,19.5072806
purePursuitUSCity,MRIP1_1,40,41,4.851860317,4.911847101,31.32,29.48,1.183073257,1.24368787,31.6227766,31.6227766,26.1006105,25.2342824
purePursuitUSCity,MRIP1_1,41,51,2.833139711,3.130534288,68.86,64.72,1.303086585,1.329851109,31.6227766,31.6227766,30.9089696,33.7966025
purePursuitUSCity,MRIP1_1,42,71,3.776392468,3.772631872,67.53,61.7,2.178034981,2.271331971,31.6227766,31.6227766,30.6488467,32.7934527
purePursuitUSCity,MRIP1_1,43,81,11.37313399,12.36655422,92.98,85.71,3.363923882,3.818911451,31.6227766,31.6227766,36.2323649,37.911714
purePursuitUSCity,MRIP1_1,44,11,0.000493288,0.000493832,2.38,2.38,1.22281E-08,3.40879E-10,31.6227766,31.6227766,14.674186,17.4363392
purePursuitUSCity,MRIP1_1,45,81,1.297145287,1.190402122,53.97,49.62,1.178077475,1.195103539,31.6227766,31.6227766,28.6196497,30.4095263
purePursuitUSCity,MRIP1_1,46,92,1.297394488,1.290733522,67.62,61.89,0.633192597,0.658295255,31.6227766,31.6227766,30.7974099,32.3930959
purePursuitUSCity,MRIP1_1,47,51,5.496905826,5.505407683,46.46,43.2,0.651474862,0.681612997,31.6227766,31.6227766,26.1159445,28.2478864
purePursuitUSCity,MRIP1_1,48,111,4.62596513,4.650512762,0,0,1.3270813,1.432695677,31.6227766,31.6227766,39.0781168,41.1209824
purePursuitUSCity,MRIP1_1,49,61,3.870472996,5.121919603,54.13,50.03,2.951411663,3.321148632,31.6227766,31.6227766,28.116432,29.9169492
purePursuitUSCity,MRIP1_1,50,72,5.553312409,49.01240431,61.41,57.12,1.720896185,4.902446305,31.6227766,31.6227766,31.7563053,46.3561769
purePursuitUSCity,MRIP1_1,51,21,0.004595539,0.004593856,15.33,14.74,2.1481E-11,1.01784E-06,31.6227766,31.6227766,17.7057479,21.0738658
purePursuitUSCity,MRIP1_1,52,61,1.775597105,1.770447614,58.65,53.95,0.866398294,0.887270982,31.6227766,31.6227766,30.2299737,32.9001344
purePursuitUSCity,MRIP1_1,53,31,4.49717497,4.483115622,38.95,35.5,0.428277666,0.431231524,31.6227766,31.6227766,25.207424,29.5069654
purePursuitUSCity,MRIP1_1,54,41,4.919201706,4.939218676,49.34,45.08,0.443477316,0.462504884,31.6227766,31.6227766,28.7275915,29.7764177
purePursuitUSCity,MRIP1_1,55,51,0.212649503,0.195902447,10.4,9.73,0.063010388,0.065348788,31.6227766,31.6227766,16.5670089,19.7855542
purePursuitUSCity,MRIP1_1,56,11,0.004504473,0.265741099,9.31,8.82,0,0,31.6227766,31.6227766,15.6688739,18.7129922
purePursuitUSCity,MRIP1_1,57,41,2.171940588,2.182609317,23.55,22.32,0.496056846,0.50049782,31.6227766,31.6227766,19.7042615,22.7084169
purePursuitUSCity,MRIP1_1,58,51,1.438525996,1.258431193,54.21,49.59,0.716619528,0.734392478,31.6227766,31.6227766,27.7037784,29.6105101
purePursuitUSCity,MRIP1_1,59,81,22.63218725,6.44971432,60.62,57.07,3.646968118,4.316014474,31.6227766,31.6227766,29.7021835,31.6882492
purePursuitUSCity,MRIP1_1,60,61,0.656741531,0.725117438,52.38,48.18,0.140759622,0.163276224,31.6227766,31.6227766,26.6066351,29.0551521
purePursuitUSCity,MRIP1_1,61,61,3.559850844,3.560984671,66.67,60.39,1.857536716,1.939792111,31.6227766,31.6227766,33.507697,30.034768
purePursuitUSCity,MRIP1_1,62,51,22.66128236,22.61552694,33.31,30.8,0.530572776,0.568961272,31.6227766,31.6227766,23.6591415,26.7457403
purePursuitUSCity,MRIP1_1,63,71,1.981331626,2.476749261,79.08,72.21,1.273687485,1.299238377,31.6227766,31.6227766,33.3378479,35.1419465
purePursuitUSCity,MRIP1_1,64,51,3.481709471,3.45534471,37.77,34.7,0.425407873,0.427928747,31.6227766,31.6227766,24.1953719,26.9344614
purePursuitUSCity,MRIP1_1,65,21,2.159440508,2.06107814,24.45,22.62,0.373001543,0.367715116,31.6227766,31.6227766,20.4206881,23.0097601
purePursuitUSCity,MRIP1_1,66,61,2.267216576,2.278514354,69.26,62.82,1.123401352,1.131496242,31.6227766,31.6227766,30.8637262,32.7208266
purePursuitUSCity,MRIP1_1,67,21,1.294907288,0.997591038,16.64,15.59,0.511866542,0.523451899,31.6227766,31.6227766,18.1216721,21.020713
purePursuitUSCity,MRIP1_1,68,112,4.056858424,3.991229564,58.63,53.84,0.815788603,0.825176866,31.6227766,31.6227766,28.7597228,30.8364315
purePursuitUSCity,MRIP1_1,69,11,0.005400989,0.005404136,15.05,13.99,2.2517E-11,3.68087E-10,31.6227766,31.6227766,17.6361008,20.1639202
purePursuitUSCity,MRIP1_1,70,52,20.4610692,19.36077061,54.39,52.41,2.839465404,2.964791374,31.6227766,31.6227766,32.1598072,33.8323703
purePursuitUSCity,MRIP1_1,71,11,0.06539235,0.074719661,20.27,19.82,0.030239901,0.027798429,31.6227766,31.6227766,19.3268592,22.2510637
purePursuitUSCity,MRIP1_1,72,51,4.917693487,4.865295633,44.81,41.62,1.231134523,1.264423794,31.6227766,31.6227766,26.115891,28.2536478
purePursuitUSCity,MRIP1_1,73,41,2.543891392,2.543792147,39.49,37.69,1.02665784,1.050840172,31.6227766,31.6227766,24.4159623,30.8558172
purePursuitUSCity,MRIP1_1,74,71,5.853610585,5.730311987,49.44,45.69,1.190925481,1.218985358,31.6227766,31.6227766,27.3603182,29.1764011
purePursuitUSCity,MRIP1_1,75,91,1.701208988,1.722431749,73.1,67.27,1.462994217,1.452461097,31.6227766,31.6227766,32.8034023,33.7155911
purePursuitUSCity,MRIP1_1,76,11,0.002059534,0.002059099,5.98,5.82,0.000705832,5.68897E-09,31.6227766,31.6227766,14.7641575,17.9189552
purePursuitUSCity,MRIP1_1,77,61,0.661535311,0.699259589,40.6,38.78,0.889443764,0.959572698,31.6227766,31.6227766,24.8578629,27.3111646
purePursuitUSCity,MRIP1_1,78,71,7.032034918,8.005236742,0,0,1.654473513,1.864576448,31.6227766,31.6227766,38.4572977,41.2486886
purePursuitUSCity,MRIP1_1,79,41,0.628480737,0.524601907,40.9,38.64,0.621218381,0.688491519,31.6227766,31.6227766,24.7696434,27.6705895
purePursuitUSCity,MRIP1_1,80,61,5.924529884,6.351025262,70.49,66.74,3.403600239,3.443239893,31.6227766,31.6227766,31.4201556,33.736815
purePursuitUSCity,MRIP1_1,81,62,1.283078097,1.284233,76.69,71.62,0.805582439,0.824515687,31.6227766,31.6227766,32.7399233,34.1390745
purePursuitUSCity,MRIP1_1,82,21,3.219443859,3.174825491,27.21,25.67,0.540470222,0.5438723,31.6227766,31.6227766,21.246834,24.0618967
purePursuitUSCity,MRIP1_1,83,82,5.458492055,5.458437435,61.01,56.72,1.547204064,1.6093076,31.6227766,31.6227766,34.742036,31.4126574
purePursuitUSCity,MRIP1_1,84,41,6.569286535,6.596000814,29.63,28.83,2.617412374,2.674272283,31.6227766,31.6227766,21.8939473,25.025192
purePursuitUSCity,MRIP1_1,85,41,2.070952239,1.953108316,36.67,34.14,0.724871972,0.724021412,31.6227766,31.6227766,23.8577448,23.5519659
purePursuitUSCity,MRIP1_1,86,31,4.311981288,4.247079158,24.5,23.27,1.191619232,1.276423327,31.6227766,31.6227766,20.2347582,23.8266965
purePursuitUSCity,MRIP1_1,87,31,1.146679873,1.07327593,41.58,38.04,0.389052173,0.399092585,31.6227766,31.6227766,25.1254091,24.0544394
purePursuitUSCity,MRIP1_1,88,11,0.353180017,0.160823499,15.73,15.06,0.036171819,0.023677026,31.6227766,31.6227766,17.9392273,21.3006894
purePursuitUSCity,MRIP1_1,89,62,5.498545361,5.498445083,41.34,38.41,1.306383797,1.439224901,31.6227766,31.6227766,25.0772983,27.1237775
purePursuitUSCity,MRIP1_1,90,31,1.307242909,1.29943481,43,40.01,0.851314442,0.857355815,31.6227766,31.6227766,25.1872462,27.4519021
purePursuitUSCity,MRIP1_1,91,71,1.76317951,1.725812357,59.98,55.06,1.023824479,1.072638633,31.6227766,31.6227766,29.5598441,31.2388052
purePursuitUSCity,MRIP1_1,92,71,1.368945111,1.372196862,0,0,0.946773964,1.118994686,31.6227766,31.6227766,37.4098796,37.7905153
purePursuitUSCity,MRIP1_1,93,71,5.737861084,6.147245247,77.67,73.46,1.925835908,2.030377561,31.6227766,31.6227766,33.1890054,32.4808279
purePursuitUSCity,MRIP1_1,94,11,0.004509433,0.004508226,13.95,12.91,0,0,31.6227766,31.6227766,17.2495137,19.8525411
purePursuitUSCity,MRIP1_1,95,71,22.64778224,22.56385639,96.31,90.59,2.355660721,2.39964679,31.6227766,31.6227766,37.1613057,43.4116138
purePursuitUSCity,MRIP1_1,96,31,0.018453878,0.016230348,39.05,35.83,0.005607796,0.007443841,31.6227766,31.6227766,24.6627355,26.8843325
purePursuitUSCity,MRIP1_1,97,81,1.291611775,1.295609797,60.56,55.86,1.672118969,1.688287736,31.6227766,31.6227766,30.467402,31.6195056
purePursuitUSCity,MRIP1_1,98,21,0.044280283,0.066150609,18.75,17.65,0.017304843,0.017680199,31.6227766,31.6227766,19.3880955,23.7872002
purePursuitUSCity,MRIP1_1,99,52,2.508083715,2.453502937,42.55,39.15,0.477506599,0.483860827,31.6227766,31.6227766,25.9926463,28.1236175
purePursuitUSCity,MRIP1_1,100,82,2.205812073,2.315098332,58.97,57.56,1.371956629,1.552632009,31.6227766,31.6227766,29.9839728,39.3462878
purePursuitUSCity,MRIP1_2,1,51,2.067760555,1.921140356,43.47,37.31,1.127653386,1.152362062,31.6227766,31.6227766,25.7783433,28.067394
purePursuitUSCity,MRIP1_2,2,51,3.195163593,4.518639468,41.64,37.9,2.245076449,2.88007018,31.6227766,31.6227766,24.7003637,24.0929204
purePursuitUSCity,MRIP1_2,3,41,1.726995945,1.264168895,25.2,22.11,0.529474757,0.572807934,31.6227766,31.6227766,21.000782,22.901187
purePursuitUSCity,MRIP1_2,4,11,0.003602435,0.003602116,12.95,11.2,0,0,31.6227766,31.6227766,16.8319619,19.5613348
purePursuitUSCity,MRIP1_2,5,41,1.512141593,1.443443347,71.81,59.14,1.090740959,1.11431322,31.6227766,31.6227766,33.2249609,32.1175801
purePursuitUSCity,MRIP1_2,6,51,1.224356803,1.763934204,50.49,43.47,0.931513785,1.12137212,31.6227766,31.6227766,26.7243775,32.1323615
purePursuitUSCity,MRIP1_2,7,31,23.30765748,23.36515556,43.04,37.26,0.666838101,0.738030042,31.6227766,31.6227766,26.1013493,27.4363702
purePursuitUSCity,MRIP1_2,8,52,0.21010341,0.343579205,8.98,7.95,0.118890502,0.12997936,31.6227766,31.6227766,16.5400519,18.563293
purePursuitUSCity,MRIP1_2,9,51,1.432524993,1.441109977,79.33,67.69,1.189824528,1.197198012,31.6227766,31.6227766,33.5465389,33.625034
purePursuitUSCity,MRIP1_2,10,31,1.774226191,1.762592714,47.83,39.4,0.377910709,0.396597664,31.6227766,31.6227766,26.2202016,27.664594
purePursuitUSCity,MRIP1_2,11,51,11.50441615,17.9295934,42.44,38.03,1.956112605,2.511716539,31.6227766,31.6227766,24.9509296,27.7574163
purePursuitUSCity,MRIP1_2,12,32,0.205494277,0.152659301,28.33,24.03,0.06855509,0.078340903,31.6227766,31.6227766,21.4261467,24.0663062
purePursuitUSCity,MRIP1_2,13,11,0.000641298,0.000641842,2.86,2.86,3.0685E-08,5.84736E-05,31.6227766,31.6227766,14.119789,17.1803537
purePursuitUSCity,MRIP1_2,14,61,0.023023053,0.023110217,52.62,45.04,3.49849E-13,8.79457E-06,31.6227766,31.6227766,26.7134024,28.7013564
purePursuitUSCity,MRIP1_2,15,71,1.903555449,1.900267275,91.8,78.4,1.223935011,1.241507806,31.6227766,31.6227766,33.1531215,35.7455231
purePursuitUSCity,MRIP1_2,16,31,22.11892196,22.05018242,29.72,27.17,0.698779803,0.754998034,31.6227766,31.6227766,19.3931609,22.3395731
purePursuitUSCity,MRIP1_2,17,41,3.415909619,3.429630416,31.57,27.66,1.089282287,1.186494156,31.6227766,31.6227766,24.9983256,22.6143102
purePursuitUSCity,MRIP1_2,18,51,2.934734904,3.071528921,44.71,36.81,0.59131344,0.698850229,31.6227766,31.6227766,22.9947883,24.6158081
purePursuitUSCity,MRIP1_2,19,62,1.909069431,1.754650033,46.88,39.76,0.618997356,0.640106374,31.6227766,31.6227766,24.8941961,25.2063955
purePursuitUSCity,MRIP1_2,20,22,0.198460424,0.172633413,30.74,26.02,0.074903087,0.079630775,31.6227766,31.6227766,19.4769861,21.8690178
purePursuitUSCity,MRIP1_2,21,21,0.05386767,0.044220117,16.12,14.48,0.011928788,0.018079556,31.6227766,31.6227766,15.6939934,18.4411148
purePursuitUSCity,MRIP1_2,22,51,0.977739257,0.988213215,54.7,46.52,0.803564532,0.875365386,31.6227766,31.6227766,25.3501418,26.7430432
purePursuitUSCity,MRIP1_2,23,41,1.699503881,1.358337143,24.89,21.5,0.508405817,0.542514187,31.6227766,31.6227766,18.5769802,20.4764968
purePursuitUSCity,MRIP1_2,24,71,3.401206125,3.416164884,50.75,44.03,1.251202389,1.40125015,31.6227766,31.6227766,25.223599,26.1397505
purePursuitUSCity,MRIP1_2,25,61,2.382926582,2.263618112,95.91,81.31,0.351101147,0.34914528,31.6227766,31.6227766,33.9961812,34.5464383
purePursuitUSCity,MRIP1_2,26,61,22.67082537,22.67972122,70.42,61.89,2.083972514,2.553152728,31.6227766,31.6227766,28.9995935,27.1485907
purePursuitUSCity,MRIP1_2,27,22,1.682122176,1.438417386,26.15,21.74,0.753923327,0.76909544,31.6227766,31.6227766,18.5327753,20.4105904
purePursuitUSCity,MRIP1_2,28,51,1.404454351,1.085303583,47.58,42.66,1.290434892,1.446620905,31.6227766,31.6227766,23.8584725,25.7563981
purePursuitUSCity,MRIP1_2,29,51,1.88839504,1.51489124,52.13,44.5,1.163680696,1.280853643,31.6227766,31.6227766,24.438991,23.0466364
purePursuitUSCity,MRIP1_2,30,62,1.295789973,1.274643687,86.25,74.98,1.312889512,1.336864925,31.6227766,31.6227766,32.0581065,37.2802426
purePursuitUSCity,MRIP1_2,31,11,0.00205399,0.002056234,6.85,6.36,2.56486E-13,7.08105E-12,31.6227766,31.6227766,13.0451765,16.4625338
purePursuitUSCity,MRIP1_2,32,62,3.359556462,3.411286622,36.56,34.84,0.618224289,0.645532811,31.6227766,31.6227766,21.5490633,24.0897052
purePursuitUSCity,MRIP1_2,33,51,1.220992061,1.057239752,35.43,30.71,0.86775019,0.883491355,31.6227766,31.6227766,20.8260636,22.8876217
purePursuitUSCity,MRIP1_2,34,51,1.496518801,1.366830771,53.74,45.47,0.71662237,0.730714416,31.6227766,31.6227766,24.8914811,23.4059085
purePursuitUSCity,MRIP1_2,35,71,5.302684287,5.346173689,55.76,48.97,0.757596545,0.877069403,31.6227766,31.6227766,25.7834433,27.1112048
purePursuitUSCity,MRIP1_2,36,11,0.000638738,0.000641621,3.13,3.12,1.92033E-11,1.24725E-10,31.6227766,31.6227766,12.0530438,15.4671201
purePursuitUSCity,MRIP1_2,37,22,0.918886222,0.961342303,34.24,29.74,0.803244748,0.829322429,31.6227766,31.6227766,20.8041276,22.6989576
purePursuitUSCity,MRIP1_2,38,61,1.992888061,2.017839077,60.06,50.48,0.173532834,0.206506431,31.6227766,31.6227766,26.4462857,27.4057077
purePursuitUSCity,MRIP1_2,39,21,0.915827103,0.898716844,10.59,9.65,0.13509296,0.136427628,31.6227766,31.6227766,14.1352655,17.2427979
purePursuitUSCity,MRIP1_2,40,41,4.851860317,4.933988923,31.32,28.17,1.183073257,1.327406988,31.6227766,31.6227766,20.1709401,22.4042885
purePursuitUSCity,MRIP1_2,41,51,2.833139711,2.640630843,68.86,61.19,1.303086585,1.351914968,31.6227766,31.6227766,28.9763194,30.3915927
purePursuitUSCity,MRIP1_2,42,71,3.776392468,3.746274606,67.53,56.52,2.178034981,2.358375586,31.6227766,31.6227766,28.5894211,28.992787
purePursuitUSCity,MRIP1_2,43,81,11.37313399,12.78115246,92.98,79.99,3.363923882,4.26079053,31.6227766,31.6227766,33.9157087,37.5527308
purePursuitUSCity,MRIP1_2,44,11,0.000493288,0.000488017,2.38,2.38,1.22281E-08,1.30276E-05,31.6227766,31.6227766,11.9185273,15.2066816
purePursuitUSCity,MRIP1_2,45,81,1.297145287,1.175459145,53.97,46.07,1.178077475,1.228130179,31.6227766,31.6227766,25.4179892,26.3885819
purePursuitUSCity,MRIP1_2,46,92,1.297394488,1.208580274,67.62,57.18,0.633192597,0.688514467,31.6227766,31.6227766,28.6425696,29.0346763
purePursuitUSCity,MRIP1_2,47,51,5.496905826,5.498672661,46.46,40.43,0.651474862,0.717799738,31.6227766,31.6227766,23.7692323,25.7172293
purePursuitUSCity,MRIP1_2,48,111,4.62596513,4.792833309,0,0,1.3270813,1.673913737,31.6227766,31.6227766,37.003369,39.8452841
purePursuitUSCity,MRIP1_2,49,61,3.870472996,6.793403991,54.13,47.09,2.951411663,3.761589409,31.6227766,31.6227766,25.5013559,27.8264849
purePursuitUSCity,MRIP1_2,50,72,5.553312409,52.5867555,61.41,52.9,1.720896185,5.908533628,31.6227766,31.6227766,27.355436,39.0989958
purePursuitUSCity,MRIP1_2,51,21,0.004595539,0.004585602,15.33,14.29,2.1481E-11,0.001471064,31.6227766,31.6227766,15.6256834,19.0357063
purePursuitUSCity,MRIP1_2,52,61,1.775597105,1.781882045,58.65,49.9,0.866398294,0.907177854,31.6227766,31.6227766,26.7730551,27.7836924
purePursuitUSCity,MRIP1_2,53,31,4.49717497,4.462097999,38.95,32.77,0.428277666,0.431961874,31.6227766,31.6227766,22.1264947,23.975869
purePursuitUSCity,MRIP1_2,54,41,4.919201706,4.919398123,49.34,41.42,0.443477316,0.487885424,31.6227766,31.6227766,23.3397197,30.7021949
purePursuitUSCity,MRIP1_2,55,51,0.212649503,0.179348316,10.4,9.2,0.063010388,0.065889751,31.6227766,31.6227766,13.6616861,16.6277582
purePursuitUSCity,MRIP1_2,56,11,0.004504473,847.0353734,9.31,8.45,0,0,31.6227766,31.6227766,13.1079426,36.2238654
purePursuitUSCity,MRIP1_2,57,41,2.171940588,2.177392323,23.55,21.29,0.496056846,0.526519159,31.6227766,31.6227766,17.2599104,20.3075901
purePursuitUSCity,MRIP1_2,58,51,1.438525996,1.024530237,54.21,46.2,0.716619528,0.753215129,31.6227766,31.6227766,24.6488158,25.6136895
purePursuitUSCity,MRIP1_2,59,81,22.63218725,22.55915861,60.62,54.79,3.646968118,5.149122008,31.6227766,31.6227766,26.2522786,28.5327391
purePursuitUSCity,MRIP1_2,60,61,0.656741531,0.803603326,52.38,44.74,0.140759622,0.206713841,31.6227766,31.6227766,23.3953616,25.3935035
purePursuitUSCity,MRIP1_2,61,61,3.559850844,3.550752404,66.67,54.71,1.857536716,2.022924201,31.6227766,31.6227766,26.8885152,24.8720515
purePursuitUSCity,MRIP1_2,62,51,22.66128236,22.59598949,33.31,28.89,0.530572776,0.604460342,31.6227766,31.6227766,20.1905709,21.8549836
purePursuitUSCity,MRIP1_2,63,71,1.981331626,2.914903164,79.08,66.65,1.273687485,1.331650054,31.6227766,31.6227766,29.9895393,30.3903311
purePursuitUSCity,MRIP1_2,64,51,3.481709471,3.42841784,37.77,31.87,0.425407873,0.421917908,31.6227766,31.6227766,20.7137414,22.6006934
purePursuitUSCity,MRIP1_2,65,21,2.159440508,1.973000982,24.45,21.16,0.373001543,0.366334832,31.6227766,31.6227766,17.6617311,20.0038691
purePursuitUSCity,MRIP1_2,66,61,2.267216576,1.533169638,69.26,58.68,1.123401352,1.140831564,31.6227766,31.6227766,30.1188006,28.5522758
purePursuitUSCity,MRIP1_2,67,21,1.294907288,0.924964939,16.64,14.94,0.511866542,0.544670223,31.6227766,31.6227766,15.3910781,20.7009038
purePursuitUSCity,MRIP1_2,68,112,4.056858424,3.656192163,58.63,49.69,0.815788603,0.836627877,31.6227766,31.6227766,25.6053517,26.9687804
purePursuitUSCity,MRIP1_2,69,11,0.005400989,0.005391404,15.05,13.15,2.2517E-11,0.000884633,31.6227766,31.6227766,14.9413706,17.3768166
purePursuitUSCity,MRIP1_2,70,52,20.4610692,17.07876291,54.39,54.7,2.839465404,3.198275645,31.6227766,31.6227766,28.6168093,31.4822061
purePursuitUSCity,MRIP1_2,71,11,0.06539235,0.086385541,20.27,19.57,0.030239901,0.02607707,31.6227766,31.6227766,16.2626999,19.2077023
purePursuitUSCity,MRIP1_2,72,51,4.917693487,4.868770442,44.81,39.12,1.231134523,1.307170613,31.6227766,31.6227766,22.4877925,24.1969441
purePursuitUSCity,MRIP1_2,73,41,2.543891392,2.543693209,39.49,36.43,1.02665784,1.099955799,31.6227766,31.6227766,21.065006,23.8047565
purePursuitUSCity,MRIP1_2,74,71,5.853610585,5.498696445,49.44,42.32,1.190925481,1.270683308,31.6227766,31.6227766,23.4088562,25.4556756
purePursuitUSCity,MRIP1_2,75,91,1.701208988,1.597524315,73.1,62.44,1.462994217,1.459880211,31.6227766,31.6227766,28.5959999,29.6872893
purePursuitUSCity,MRIP1_2,76,11,0.002059534,0.002060452,5.98,5.71,0.000705832,1.58923E-08,31.6227766,31.6227766,12.5479611,15.4197233
purePursuitUSCity,MRIP1_2,77,61,0.661535311,1.116842174,40.6,37.32,0.889443764,1.036280157,31.6227766,31.6227766,21.5564731,24.3787675
purePursuitUSCity,MRIP1_2,78,71,7.032034918,6.925345346,0,0,1.654473513,2.046055169,31.6227766,31.6227766,34.6537619,38.0950936
purePursuitUSCity,MRIP1_2,79,41,0.628480737,0.716679127,40.9,37.05,0.621218381,0.716609019,31.6227766,31.6227766,25.0136317,24.1088367
purePursuitUSCity,MRIP1_2,80,61,5.924529884,6.508256185,70.49,63.95,3.403600239,3.497421349,31.6227766,31.6227766,28.3820981,29.8687894
purePursuitUSCity,MRIP1_2,81,62,1.283078097,1.296457451,76.69,67.32,0.805582439,0.826556009,31.6227766,31.6227766,29.4153983,30.1446714
purePursuitUSCity,MRIP1_2,82,21,3.219443859,3.202619383,27.21,24.35,0.540470222,0.549745715,31.6227766,31.6227766,18.0354025,20.5084964
purePursuitUSCity,MRIP1_2,83,82,5.458492055,5.458382727,61.01,53.45,1.547204064,1.645780466,31.6227766,31.6227766,26.0783675,27.957779
purePursuitUSCity,MRIP1_2,84,41,6.569286535,6.682562759,29.63,28.46,2.617412374,2.718834584,31.6227766,31.6227766,18.9845748,22.0671311
purePursuitUSCity,MRIP1_2,85,41,2.070952239,1.697453935,36.67,31.66,0.724871972,0.724785568,31.6227766,31.6227766,20.9131969,19.3265654
purePursuitUSCity,MRIP1_2,86,31,4.311981288,4.227678817,24.5,22.48,1.191619232,1.380635984,31.6227766,31.6227766,17.5508399,20.5162634
purePursuitUSCity,MRIP1_2,87,31,1.146679873,0.99746946,41.58,35.12,0.389052173,0.417801362,31.6227766,31.6227766,21.8885643,19.9131538
purePursuitUSCity,MRIP1_2,88,11,0.353180017,0.535161873,15.73,14.7,0.036171819,0.063875259,31.6227766,31.6227766,14.9049877,17.8707266
purePursuitUSCity,MRIP1_2,89,62,5.498545361,5.498344618,41.34,36.19,1.306383797,1.582822226,31.6227766,31.6227766,21.7611144,23.7784098
purePursuitUSCity,MRIP1_2,90,31,1.307242909,1.292458038,43,37.53,0.851314442,0.868015298,31.6227766,31.6227766,21.9794536,24.1397849
purePursuitUSCity,MRIP1_2,91,71,1.76317951,1.593999648,59.98,51.09,1.023824479,1.114115384,31.6227766,31.6227766,25.702704,27.1642729
purePursuitUSCity,MRIP1_2,92,71,1.368945111,2.029637731,0,0,0.946773964,1.353056811,31.6227766,31.6227766,38.0504714,36.156863
purePursuitUSCity,MRIP1_2,93,71,5.737861084,7.206639738,77.67,69.47,1.925835908,2.15351162,31.6227766,31.6227766,29.9539864,28.4643914
purePursuitUSCity,MRIP1_2,94,11,0.004509433,0.004509604,13.95,12.07,0,6.38403E-13,31.6227766,31.6227766,16.1570089,17.425705
purePursuitUSCity,MRIP1_2,95,71,22.64778224,22.60965553,96.31,85.51,2.355660721,2.467722174,31.6227766,31.6227766,33.9007331,34.2432337
purePursuitUSCity,MRIP1_2,96,31,0.018453878,0.0152768,39.05,33.18,0.005607796,0.007475699,31.6227766,31.6227766,20.9756983,22.8331774
purePursuitUSCity,MRIP1_2,97,81,1.291611775,1.293895292,60.56,52.11,1.672118969,1.718244011,31.6227766,31.6227766,25.9259043,27.6361836
purePursuitUSCity,MRIP1_2,98,21,0.044280283,0.049817234,18.75,16.79,0.017304843,0.022207362,31.6227766,31.6227766,16.1179987,18.7650938
purePursuitUSCity,MRIP1_2,99,52,2.508083715,2.526907674,42.55,36.47,0.477506599,0.4952607,31.6227766,31.6227766,22.2920863,23.7356368
purePursuitUSCity,MRIP1_2,100,82,2.205812073,2.51543863,58.97,55.45,1.371956629,1.709028613,31.6227766,31.6227766,25.4486444,28.4267698
purePursuitUSCity,MRIP1_3,1,51,2.067760555,1.745688759,43.47,35.5,1.127653386,1.174732893,31.6227766,31.6227766,22.1122128,23.7193847
purePursuitUSCity,MRIP1_3,2,51,3.195163593,5.318355791,41.64,37.17,2.245076449,3.136706986,31.6227766,31.6227766,21.9739566,20.6576387
purePursuitUSCity,MRIP1_3,3,41,1.726995945,1.012075042,25.2,21.25,0.529474757,0.636833294,31.6227766,31.6227766,17.5207368,19.9253502
purePursuitUSCity,MRIP1_3,4,11,0.003602435,0.003602105,12.95,10.56,0,0,31.6227766,31.6227766,14.3487648,16.9191261
purePursuitUSCity,MRIP1_3,5,41,1.512141593,1.381374696,71.81,54.51,1.090740959,1.13149743,31.6227766,31.6227766,28.4253243,31.9522498
purePursuitUSCity,MRIP1_3,6,51,1.224356803,2.125557201,50.49,40.96,0.931513785,1.212775484,31.6227766,31.6227766,23.3611586,24.7504691
purePursuitUSCity,MRIP1_3,7,31,23.30765748,23.36481452,43.04,34.65,0.666838101,0.769373334,31.6227766,31.6227766,21.9662384,23.4320921
purePursuitUSCity,MRIP1_3,8,52,0.21010341,0.376630523,8.98,7.58,0.118890502,0.138503361,31.6227766,31.6227766,13.3787822,15.9327221
purePursuitUSCity,MRIP1_3,9,51,1.432524993,1.512796684,79.33,63.17,1.189824528,1.209062411,31.6227766,31.6227766,29.7897918,29.5026861
purePursuitUSCity,MRIP1_3,10,31,1.774226191,1.718649848,47.83,35.61,0.377910709,0.403899963,31.6227766,31.6227766,23.1597274,23.7756165
purePursuitUSCity,MRIP1_3,11,51,11.50441615,20.89307045,42.44,36.74,1.956112605,2.813550595,31.6227766,31.6227766,21.8640344,23.6391645
purePursuitUSCity,MRIP1_3,12,32,0.205494277,0.114585057,28.33,22.4,0.06855509,0.084496087,31.6227766,31.6227766,18.2317364,20.0985656
purePursuitUSCity,MRIP1_3,13,11,0.000641298,0.000640899,2.86,2.86,3.0685E-08,6.39834E-13,31.6227766,31.6227766,11.6115031,14.8661182
purePursuitUSCity,MRIP1_3,14,61,0.023023053,0.023108126,52.62,42.14,3.49849E-13,3.41989E-05,31.6227766,31.6227766,23.8560715,24.784661
purePursuitUSCity,MRIP1_3,15,71,1.903555449,1.908566811,91.8,72.93,1.223935011,1.25366218,31.6227766,31.6227766,32.3979298,31.6917324
purePursuitUSCity,MRIP1_3,16,31,22.11892196,22.13422215,29.72,26.29,0.698779803,0.773656949,31.6227766,31.6227766,18.591687,21.1955657
purePursuitUSCity,MRIP1_3,17,41,3.415909619,3.445953688,31.57,26.44,1.089282287,1.256405245,31.6227766,31.6227766,19.28294,21.1680907
purePursuitUSCity,MRIP1_3,18,51,2.934734904,3.193989183,44.71,32.81,0.59131344,0.795696211,31.6227766,31.6227766,23.0467753,25.7617144
purePursuitUSCity,MRIP1_3,19,62,1.909069431,1.647382428,46.88,37.07,0.618997356,0.652441931,31.6227766,31.6227766,22.5053356,24.102928
purePursuitUSCity,MRIP1_3,20,22,0.198460424,0.156500013,30.74,24.22,0.074903087,0.085022445,31.6227766,31.6227766,19.0691436,20.2717506
purePursuitUSCity,MRIP1_3,21,21,0.05386767,0.042275817,16.12,13.89,0.011928788,0.023231747,31.6227766,31.6227766,14.9775194,17.6790165
purePursuitUSCity,MRIP1_3,22,51,0.977739257,0.971907857,54.7,43.22,0.803564532,0.921642905,31.6227766,31.6227766,24.4367762,25.4446494
purePursuitUSCity,MRIP1_3,23,41,1.699503881,1.070713616,24.89,20.35,0.508405817,0.555740035,31.6227766,31.6227766,17.8890352,19.5035987
purePursuitUSCity,MRIP1_3,24,71,3.401206125,3.470518146,50.75,41.91,1.251202389,1.473475426,31.6227766,31.6227766,23.7331756,25.3980476
purePursuitUSCity,MRIP1_3,25,61,2.382926582,2.198048631,95.91,75.77,0.351101147,0.352013227,31.6227766,31.6227766,33.5270352,32.7202034
purePursuitUSCity,MRIP1_3,26,61,22.67082537,22.63555762,70.42,59.45,2.083972514,2.844626176,31.6227766,31.6227766,28.3485565,25.8900933
purePursuitUSCity,MRIP1_3,27,22,1.682122176,1.292600596,26.15,20.21,0.753923327,0.774250812,31.6227766,31.6227766,17.9772389,19.4258973
purePursuitUSCity,MRIP1_3,28,51,1.404454351,1.206728955,47.58,41.17,1.290434892,1.552571088,31.6227766,31.6227766,22.9845069,24.7423937
purePursuitUSCity,MRIP1_3,29,51,1.88839504,1.363499231,52.13,41.78,1.163680696,1.334191972,31.6227766,31.6227766,24.0844283,21.9079652
purePursuitUSCity,MRIP1_3,30,62,1.295789973,1.287873485,86.25,70.59,1.312889512,1.363847891,31.6227766,31.6227766,32.6237367,31.0904627
purePursuitUSCity,MRIP1_3,31,11,0.00205399,0.002059755,6.85,6.2,2.56486E-13,0,31.6227766,31.6227766,12.7164379,18.8232576
purePursuitUSCity,MRIP1_3,32,62,3.359556462,3.440738979,36.56,34.21,0.618224289,0.651878516,31.6227766,31.6227766,20.4723714,23.4122
purePursuitUSCity,MRIP1_3,33,51,1.220992061,1.516602487,35.43,29.79,0.86775019,0.935793455,31.6227766,31.6227766,20.2835114,22.2410347
purePursuitUSCity,MRIP1_3,34,51,1.496518801,1.341091853,53.74,42.45,0.71662237,0.734783936,31.6227766,31.6227766,24.2430518,21.9598243
purePursuitUSCity,MRIP1_3,35,71,5.302684287,5.415433532,55.76,46.32,0.757596545,0.961851649,31.6227766,31.6227766,24.8648164,25.9049204
purePursuitUSCity,MRIP1_3,36,11,0.000638738,0.000641708,3.13,3.12,1.92033E-11,4.71495E-11,31.6227766,31.6227766,11.4856025,14.9953216
purePursuitUSCity,MRIP1_3,37,22,0.918886222,0.9582508,34.24,28,0.803244748,0.840805055,31.6227766,31.6227766,19.6711319,21.5506002
purePursuitUSCity,MRIP1_3,38,61,1.992888061,1.988954049,60.06,46.85,0.173532834,0.220217035,31.6227766,31.6227766,25.9875651,26.0950531
purePursuitUSCity,MRIP1_3,39,21,0.915827103,0.883998137,10.59,9.32,0.13509296,0.137117891,31.6227766,31.6227766,13.7138218,16.2752761
purePursuitUSCity,MRIP1_3,40,41,4.851860317,4.870560912,31.32,27.7,1.183073257,1.427714334,31.6227766,31.6227766,19.2616009,21.6493403
purePursuitUSCity,MRIP1_3,41,51,2.833139711,2.703953019,68.86,58.1,1.303086585,1.383957193,31.6227766,31.6227766,27.9050349,28.789863
purePursuitUSCity,MRIP1_3,42,71,3.776392468,3.727830578,67.53,53.03,2.178034981,2.450156623,31.6227766,31.6227766,28.0476723,27.477391
purePursuitUSCity,MRIP1_3,43,81,11.37313399,12.48091667,92.98,75.27,3.363923882,4.749805751,31.6227766,31.6227766,33.3693343,32.4742848
purePursuitUSCity,MRIP1_3,44,11,0.000493288,0.000493585,2.38,2.39,1.22281E-08,9.7279E-08,31.6227766,31.6227766,13.7633168,16.066849
purePursuitUSCity,MRIP1_3,45,81,1.297145287,1.096531712,53.97,43.29,1.178077475,1.252109473,31.6227766,31.6227766,24.3893091,26.0685078
purePursuitUSCity,MRIP1_3,46,92,1.297394488,1.06691365,67.62,53.35,0.633192597,0.716875783,31.6227766,31.6227766,27.4500501,28.0089769
purePursuitUSCity,MRIP1_3,47,51,5.496905826,5.498599963,46.46,38.18,0.651474862,0.751272174,31.6227766,31.6227766,22.8940123,23.964594
purePursuitUSCity,MRIP1_3,48,111,4.62596513,4.810681029,0,0,1.3270813,2.119154996,31.6227766,31.6227766,35.4416993,37.9645322
purePursuitUSCity,MRIP1_3,49,61,3.870472996,9.091622912,54.13,45.14,2.951411663,4.269700398,31.6227766,31.6227766,26.1669147,29.9683346
purePursuitUSCity,MRIP1_3,50,72,5.553312409,8.558216905,61.41,49.94,1.720896185,2.622868331,31.6227766,31.6227766,27.454751,28.4595049
purePursuitUSCity,MRIP1_3,51,21,0.004595539,0.004587748,15.33,14.12,2.1481E-11,0.001602344,31.6227766,31.6227766,14.8134602,18.1286607
purePursuitUSCity,MRIP1_3,52,61,1.775597105,1.806985992,58.65,46.63,0.866398294,0.950083884,31.6227766,31.6227766,25.2911345,26.0595884
purePursuitUSCity,MRIP1_3,53,31,4.49717497,4.469730165,38.95,30.57,0.428277666,0.433505331,31.6227766,31.6227766,20.9250474,23.7050302
purePursuitUSCity,MRIP1_3,54,41,4.919201706,4.884495074,49.34,37.72,0.443477316,0.520736233,31.6227766,31.6227766,23.6908484,24.325579
purePursuitUSCity,MRIP1_3,55,51,0.212649503,0.16250898,10.4,8.78,0.063010388,0.070336975,31.6227766,31.6227766,13.8857086,16.361242
purePursuitUSCity,MRIP1_3,56,11,0.004504473,956.9568548,9.31,8.31,0,0,31.6227766,31.6227766,16.6136918,36.6144954
purePursuitUSCity,MRIP1_3,57,41,2.171940588,2.176845521,23.55,20.32,0.496056846,0.561736325,31.6227766,31.6227766,17.2411055,19.6251963
purePursuitUSCity,MRIP1_3,58,51,1.438525996,0.840959081,54.21,43.65,0.716619528,0.774371092,31.6227766,31.6227766,24.9006586,25.3026656
purePursuitUSCity,MRIP1_3,59,81,22.63218725,22.51305985,60.62,53.66,3.646968118,5.791701957,31.6227766,31.6227766,26.6619605,28.5969047
purePursuitUSCity,MRIP1_3,60,61,0.656741531,0.881951822,52.38,41.9,0.140759622,0.255526939,31.6227766,31.6227766,24.0076505,24.929018
purePursuitUSCity,MRIP1_3,61,61,3.559850844,3.631944211,66.67,50.96,1.857536716,2.146861006,31.6227766,31.6227766,27.7604134,24.39376
purePursuitUSCity,MRIP1_3,62,51,22.66128236,22.63267374,33.31,28.02,0.530572776,0.639673264,31.6227766,31.6227766,20.7137928,22.2241516
purePursuitUSCity,MRIP1_3,63,71,1.981331626,3.242446952,79.08,62.01,1.273687485,1.389307204,31.6227766,31.6227766,30.5919958,30.3911407
purePursuitUSCity,MRIP1_3,64,51,3.481709471,3.425300731,37.77,29.84,0.425407873,0.424377062,31.6227766,31.6227766,21.0430662,22.629029
purePursuitUSCity,MRIP1_3,65,21,2.159440508,1.871005539,24.45,19.96,0.373001543,0.368083651,31.6227766,31.6227766,17.7779212,19.8977922
purePursuitUSCity,MRIP1_3,66,61,2.267216576,1.256074433,69.26,55.57,1.123401352,1.179209954,31.6227766,31.6227766,28.0143672,28.3850572
purePursuitUSCity,MRIP1_3,67,21,1.294907288,0.861272915,16.64,14.56,0.511866542,0.560239296,31.6227766,31.6227766,15.4923943,18.4553149
purePursuitUSCity,MRIP1_3,68,112,4.056858424,3.332741529,58.63,46.66,0.815788603,0.852350417,31.6227766,31.6227766,26.3040948,26.7596965
purePursuitUSCity,MRIP1_3,69,11,0.005400989,0.005402805,15.05,12.45,2.2517E-11,0.002124951,31.6227766,31.6227766,17.1470487,20.6545289
purePursuitUSCity,MRIP1_3,70,52,20.4610692,18.75492835,54.39,50.06,2.839465404,3.199291136,31.6227766,31.6227766,28.9234325,30.9108413
purePursuitUSCity,MRIP1_3,71,11,0.06539235,0.090236104,20.27,19.33,0.030239901,0.033392709,31.6227766,31.6227766,16.4803443,19.9394212
purePursuitUSCity,MRIP1_3,72,51,4.917693487,4.933685859,44.81,37.32,1.231134523,1.355118464,31.6227766,31.6227766,23.2914346,26.2711284
purePursuitUSCity,MRIP1_3,73,41,2.543891392,2.543594185,39.49,35.49,1.02665784,1.152680742,31.6227766,31.6227766,21.6212433,24.0793565
purePursuitUSCity,MRIP1_3,74,71,5.853610585,5.548042047,49.44,39.75,1.190925481,1.316558511,31.6227766,31.6227766,23.8193683,25.3805813
purePursuitUSCity,MRIP1_3,75,91,1.701208988,1.316186118,73.1,58.41,1.462994217,1.499677781,31.6227766,31.6227766,28.9981836,29.1754813
purePursuitUSCity,MRIP1_3,76,11,0.002059534,0.002060497,5.98,5.64,0.000705832,0,31.6227766,31.6227766,12.775201,15.6933727
purePursuitUSCity,MRIP1_3,77,61,0.661535311,1.321774149,40.6,36.59,0.889443764,1.089754047,31.6227766,31.6227766,21.6990374,24.2027059
purePursuitUSCity,MRIP1_3,78,71,7.032034918,7.878362488,0,0,1.654473513,2.18865805,31.6227766,31.6227766,35.099115,38.5928205
purePursuitUSCity,MRIP1_3,79,41,0.628480737,1.186231741,40.9,35.73,0.621218381,0.751053556,31.6227766,31.6227766,21.9831176,24.1406101
purePursuitUSCity,MRIP1_3,80,61,5.924529884,7.053245779,70.49,61.98,3.403600239,3.525635378,31.6227766,31.6227766,28.9337413,30.4049475
purePursuitUSCity,MRIP1_3,81,62,1.283078097,1.304699094,76.69,63.8,0.805582439,0.831652498,31.6227766,31.6227766,31.3068944,32.9657189
purePursuitUSCity,MRIP1_3,82,21,3.219443859,3.198930064,27.21,23.19,0.540470222,0.549213356,31.6227766,31.6227766,18.5322468,20.3616634
purePursuitUSCity,MRIP1_3,83,82,5.458492055,16.2225983,61.01,50.87,1.547204064,2.629881023,31.6227766,31.6227766,26.6143128,29.2470294
purePursuitUSCity,MRIP1_3,84,41,6.569286535,6.769331569,29.63,28.62,2.617412374,2.757725804,31.6227766,31.6227766,19.3126003,22.5079261
purePursuitUSCity,MRIP1_3,85,41,2.070952239,1.413896886,36.67,29.9,0.724871972,0.746331555,31.6227766,31.6227766,21.3827792,18.8068098
purePursuitUSCity,MRIP1_3,86,31,4.311981288,4.199447575,24.5,21.98,1.191619232,1.511989869,31.6227766,31.6227766,17.941137,20.5469279
purePursuitUSCity,MRIP1_3,87,31,1.146679873,0.907771008,41.58,32.72,0.389052173,0.440572623,31.6227766,31.6227766,22.2120432,19.8410539
purePursuitUSCity,MRIP1_3,88,11,0.353180017,0.463612627,15.73,14.47,0.036171819,0.061757388,31.6227766,31.6227766,15.1375719,18.0901492
purePursuitUSCity,MRIP1_3,89,62,5.498545361,5.498243967,41.34,34.58,1.306383797,1.722489157,31.6227766,31.6227766,22.0106899,24.246092
purePursuitUSCity,MRIP1_3,90,31,1.307242909,1.355353468,43,35.42,0.851314442,0.882138895,31.6227766,31.6227766,22.7991015,23.9490028
purePursuitUSCity,MRIP1_3,91,71,1.76317951,1.340825735,59.98,47.84,1.023824479,1.182098596,31.6227766,31.6227766,26.4277532,26.8930247
purePursuitUSCity,MRIP1_3,92,71,1.368945111,2.020393837,0,0,0.946773964,1.482545941,31.6227766,31.6227766,35.2634571,35.242479
purePursuitUSCity,MRIP1_3,93,71,5.737861084,7.001150952,77.67,65.86,1.925835908,2.297982506,31.6227766,31.6227766,33.3590233,27.6632551
purePursuitUSCity,MRIP1_3,94,11,0.004509433,0.00451022,13.95,11.38,0,0,31.6227766,31.6227766,14.6840085,18.1395012
purePursuitUSCity,MRIP1_3,95,71,22.64778224,22.58904418,96.31,81.19,2.355660721,2.556356906,31.6227766,31.6227766,34.5813552,34.4260181
purePursuitUSCity,MRIP1_3,96,31,0.018453878,0.013657524,39.05,30.98,0.005607796,0.007942736,31.6227766,31.6227766,21.7178091,22.4907105
purePursuitUSCity,MRIP1_3,97,81,1.291611775,1.302787029,60.56,48.6,1.672118969,1.771213356,31.6227766,31.6227766,26.5951052,27.0821408
purePursuitUSCity,MRIP1_3,98,21,0.044280283,0.069908532,18.75,16.1,0.017304843,0.018617064,31.6227766,31.6227766,16.1487874,18.6495604
purePursuitUSCity,MRIP1_3,99,52,2.508083715,2.615851549,42.55,34.27,0.477506599,0.506402858,31.6227766,31.6227766,22.3539206,23.8044198
purePursuitUSCity,MRIP1_3,100,82,2.205812073,2.863780298,58.97,53.76,1.371956629,1.868771253,31.6227766,31.6227766,26.3773554,28.89101
purePursuitUSCity,MRIP2,1,51,2.067760555,2.072086047,43.47,54.41,1.127653386,1.131124522,5.168847258,31.6227766,22.7181109,27.9588124
purePursuitUSCity,MRIP2,2,51,3.195163593,3.195163593,41.64,52.96,2.245076449,2.25973463,2.37125494,31.6227766,22.1574968,24.936608
purePursuitUSCity,MRIP2,3,41,1.726995945,1.726995945,25.2,32.4,0.529474757,0.530736997,6.448180804,31.6227766,18.0201959,23.2431644
purePursuitUSCity,MRIP2,4,11,0.003602435,0.003601633,12.95,20.44,0,0,8.941364563,31.6227766,14.3993946,19.9097048
purePursuitUSCity,MRIP2,5,41,1.512141593,1.505212109,71.81,79.95,1.090740959,1.091522847,3.647734042,31.6227766,28.5994004,33.860961
purePursuitUSCity,MRIP2,6,51,1.224356803,1.224356803,50.49,60.51,0.931513785,0.932024423,4.999555743,31.6227766,24.0652626,34.9155801
purePursuitUSCity,MRIP2,7,31,23.30765748,23.30765748,43.04,46.57,0.666838101,0.688101356,4.47083648,31.6227766,22.5004469,26.5309542
purePursuitUSCity,MRIP2,8,52,0.21010341,0.21010341,8.98,8.98,0.118890502,0.118890502,8.421093528,31.6227766,13.4541176,17.21899
purePursuitUSCity,MRIP2,9,51,1.432524993,1.432524993,79.33,94.8,1.189824528,1.190357428,5.484256047,31.6227766,30.3229897,37.5402423
purePursuitUSCity,MRIP2,10,31,1.774226191,1.778214875,47.83,75.73,0.377910709,0.374464262,3.341783374,31.6227766,23.419241,32.9640521
purePursuitUSCity,MRIP2,11,51,11.50441615,11.56552381,42.44,44.51,1.956112605,1.961763277,2.508089692,31.6227766,22.3264246,25.9944417
purePursuitUSCity,MRIP2,12,32,0.205494277,0.205494277,28.33,35.98,0.06855509,0.068776247,4.750932083,31.6227766,18.6240534,24.1753674
purePursuitUSCity,MRIP2,13,11,0.000641298,0.000641298,2.86,2.86,3.0685E-08,3.0685E-08,9.387463245,31.6227766,12.0569493,15.6138604
purePursuitUSCity,MRIP2,14,61,0.023023053,0.023069553,52.62,60.58,3.49849E-13,0.002295088,4.202386863,31.6227766,24.3480493,29.4525591
purePursuitUSCity,MRIP2,15,71,1.903555449,1.903555449,91.8,0,1.223935011,0.946005999,4.439908466,31.6227766,33.3988811,38.0972116
purePursuitUSCity,MRIP2,16,31,22.11892196,22.10772562,29.72,36.88,0.698779803,0.705019375,7.603107927,31.6227766,19.3004381,24.5044754
purePursuitUSCity,MRIP2,17,41,3.415909619,3.415909619,31.57,38.51,1.089282287,1.055477314,2.000194226,31.6227766,19.6597644,25.3673698
purePursuitUSCity,MRIP2,18,51,2.934734904,2.943590865,44.71,46.83,0.59131344,0.590727139,10.36647181,31.6227766,24.6750342,29.0607005
purePursuitUSCity,MRIP2,19,62,1.909069431,1.91994792,46.88,54.74,0.618997356,0.587010347,3.075756096,31.6227766,23.0435442,28.2577954
purePursuitUSCity,MRIP2,20,22,0.198460424,0.198460424,30.74,39.14,0.074903087,0.074766522,8.742019749,31.6227766,19.3743173,24.9689117
purePursuitUSCity,MRIP2,21,21,0.05386767,0.076864694,16.12,22.41,0.011928788,0.012995271,3.817599737,31.6227766,15.4434939,20.9949899
purePursuitUSCity,MRIP2,22,51,0.977739257,0.977739257,54.7,67.7,0.803564532,0.803508967,3.10079921,31.6227766,25.1338856,31.0714982
purePursuitUSCity,MRIP2,23,41,1.699503881,1.699503881,24.89,24.89,0.508405817,0.508405817,12.07549238,31.6227766,18.0305748,21.3285005
purePursuitUSCity,MRIP2,24,71,3.401206125,3.401206125,50.75,57.9,1.251202389,1.249933773,7.183212353,31.6227766,24.1524066,29.3154945
purePursuitUSCity,MRIP2,25,61,2.382926582,2.382926582,95.91,95.91,0.351101147,0.351101147,1.140285899,31.6227766,33.6093446,37.1759905
purePursuitUSCity,MRIP2,26,61,22.67082537,22.66381774,70.42,73.99,2.083972514,2.070638045,3.973472671,31.6227766,28.6321555,29.7449849
purePursuitUSCity,MRIP2,27,22,1.682122176,1.727097914,26.15,32.83,0.753923327,0.755188439,8.874648773,31.6227766,18.3583077,23.4098418
purePursuitUSCity,MRIP2,28,51,1.404454351,1.404454351,47.58,47.58,1.290434892,1.290434892,0.70345579,31.6227766,23.7938274,27.0683104
purePursuitUSCity,MRIP2,29,51,1.88839504,1.883073035,52.13,71.06,1.163680696,1.163751027,3.833948986,31.6227766,24.2698468,28.7259625
purePursuitUSCity,MRIP2,30,62,1.295789973,1.682035452,86.25,93.91,1.312889512,1.344628691,6.090773266,31.6227766,31.6370987,40.7223642
purePursuitUSCity,MRIP2,31,11,0.00205399,0.00512205,6.85,11.38,2.56486E-13,0.000446943,2.632725656,31.6227766,12.7682595,17.5741865
purePursuitUSCity,MRIP2,32,62,3.359556462,3.359556462,36.56,36.56,0.618224289,0.618224289,2.948717732,31.6227766,21.1476976,24.4540838
purePursuitUSCity,MRIP2,33,51,1.220992061,1.220992061,35.43,35.43,0.86775019,0.86775019,4.962357848,31.6227766,20.5336361,23.974216
purePursuitUSCity,MRIP2,34,51,1.496518801,1.506814428,53.74,65.59,0.71662237,0.71689832,6.024440163,31.6227766,24.5434847,27.8264003
purePursuitUSCity,MRIP2,35,71,5.302684287,5.302684287,55.76,55.76,0.757596545,0.757596545,0.020244727,31.6227766,25.6037987,28.7736957
purePursuitUSCity,MRIP2,36,11,0.000638738,0.000638738,3.13,3.13,1.92033E-11,1.92033E-11,6.011446451,31.6227766,11.8579285,15.1354466
purePursuitUSCity,MRIP2,37,22,0.918886222,0.918886222,34.24,34.24,0.803244748,0.803244748,0.698295768,31.6227766,20.3398908,24.3004833
purePursuitUSCity,MRIP2,38,61,1.992888061,1.992888061,60.06,60.06,0.173532834,0.173532834,0.348530736,31.6227766,26.2700882,29.5081403
purePursuitUSCity,MRIP2,39,21,0.915827103,0.93299874,10.59,16.58,0.13509296,0.117061074,8.896119973,31.6227766,13.9608517,18.8314199
purePursuitUSCity,MRIP2,40,41,4.851860317,4.895992108,31.32,39.81,1.183073257,1.156046906,6.673915657,31.6227766,19.7521684,25.3837159
purePursuitUSCity,MRIP2,41,51,2.833139711,2.833139711,68.86,68.86,1.303086585,1.303086585,10.12373477,31.6227766,28.7413737,31.8530311
purePursuitUSCity,MRIP2,42,71,3.776392468,3.776392468,67.53,67.53,2.178034981,2.178034981,31.6227766,31.6227766,32.952062,31.2098371
purePursuitUSCity,MRIP2,43,81,11.37313399,11.37313399,92.98,92.98,3.363923882,3.363923882,2.149630622,31.6227766,33.7955261,36.7952458
purePursuitUSCity,MRIP2,44,11,0.000493288,0.000493288,2.38,2.38,1.22281E-08,1.22281E-08,7.543383045,31.6227766,11.8809853,15.4328642
purePursuitUSCity,MRIP2,45,81,1.297145287,1.297145287,53.97,53.97,1.178077475,1.178077475,0.65173905,31.6227766,26.4496456,28.71849
purePursuitUSCity,MRIP2,46,92,1.297394488,1.297394488,67.62,83.34,0.633192597,0.63696781,1.247608977,31.6227766,27.9387751,35.0157826
purePursuitUSCity,MRIP2,47,51,5.496905826,5.496905826,46.46,57.2,0.651474862,0.649608683,0.216359857,31.6227766,23.603307,29.3003341
purePursuitUSCity,MRIP2,48,111,4.62596513,4.62596513,0,0,1.3270813,1.3270813,7.895498692,31.6227766,35.6305224,39.0309866
purePursuitUSCity,MRIP2,49,61,3.870472996,3.876930726,54.13,59.93,2.951411663,2.955148129,7.267768416,31.6227766,24.9205404,29.676691
purePursuitUSCity,MRIP2,50,72,5.553312409,5.638653378,61.41,70.39,1.720896185,1.65854563,5.501174914,31.6227766,26.9481439,32.1433296
purePursuitUSCity,MRIP2,51,21,0.004595539,0.004590445,15.33,15.57,2.1481E-11,1.91017E-05,16.94116963,31.6227766,15.0056759,18.5677145
purePursuitUSCity,MRIP2,52,61,1.775597105,1.775597105,58.65,64.2,0.866398294,0.866579293,9.12112239,31.6227766,25.6108679,30.5696147
purePursuitUSCity,MRIP2,53,31,4.49717497,4.49717497,38.95,38.95,0.428277666,0.428277666,2.327442097,31.6227766,25.2377063,24.7298531
purePursuitUSCity,MRIP2,54,41,4.919201706,4.923827375,49.34,51.54,0.443477316,0.44374661,4.800402206,31.6227766,24.2311348,27.7314179
purePursuitUSCity,MRIP2,55,51,0.212649503,0.212649503,10.4,10.4,0.063010388,0.063010388,1.15250592,31.6227766,13.8703967,17.2896074
purePursuitUSCity,MRIP2,56,11,0.004504473,0.004504473,9.31,15.2,0,5.14553E-05,9.148770471,31.6227766,13.83721,18.472834
purePursuitUSCity,MRIP2,57,41,2.171940588,2.171940588,23.55,23.55,0.496056846,0.496056846,0.833011011,31.6227766,17.4150697,20.9205573
purePursuitUSCity,MRIP2,58,51,1.438525996,1.429974946,54.21,63.05,0.716619528,0.71850203,4.885227161,31.6227766,24.7875621,30.2008023
purePursuitUSCity,MRIP2,59,81,22.63218725,22.63218725,60.62,65.62,3.646968118,3.624930378,4.406971313,31.6227766,26.4126082,30.9966107
purePursuitUSCity,MRIP2,60,61,0.656741531,0.660764866,52.38,59.85,0.140759622,0.145372947,6.282579253,31.6227766,24.225337,28.7781047
purePursuitUSCity,MRIP2,61,61,3.559850844,3.616988573,66.67,68.3,1.857536716,1.852317189,7.965659181,31.6227766,27.787173,27.9836485
purePursuitUSCity,MRIP2,62,51,22.66128236,22.66128236,33.31,33.31,0.530572776,0.530572776,4.97211677,31.6227766,20.4282258,23.8511548
purePursuitUSCity,MRIP2,63,71,1.981331626,1.981331626,79.08,79.08,1.273687485,1.273687485,2.030080889,31.6227766,30.6290552,34.3016415
purePursuitUSCity,MRIP2,64,51,3.481709471,3.481709471,37.77,44.73,0.425407873,0.42549286,2.000438619,31.6227766,20.9717936,26.4197781
purePursuitUSCity,MRIP2,65,21,2.159440508,2.155774576,24.45,32.04,0.373001543,0.375163006,8.732191344,31.6227766,17.4035126,22.3704174
purePursuitUSCity,MRIP2,66,61,2.267216576,2.267216576,69.26,69.26,1.123401352,1.123401352,1.999620469,31.6227766,28.0242556,35.596923
purePursuitUSCity,MRIP2,67,21,1.294907288,1.294907288,16.64,16.64,0.511866542,0.511866542,0.225349622,31.6227766,15.6947115,18.8059998
purePursuitUSCity,MRIP2,68,112,4.056858424,4.056858424,58.63,58.63,0.815788603,0.815788603,1.637156712,31.6227766,25.5460425,28.9080522
purePursuitUSCity,MRIP2,69,11,0.005400989,0.005404646,15.05,22.31,2.2517E-11,0.000155206,8.900043172,31.6227766,14.7708353,20.014137
purePursuitUSCity,MRIP2,70,52,20.4610692,20.4610692,54.39,54.39,2.839465404,2.839465404,2.565731059,31.6227766,28.2643742,31.7097851
purePursuitUSCity,MRIP2,71,11,0.06539235,0.06539235,20.27,20.27,0.030239901,0.030239901,4.065175528,31.6227766,16.2416691,19.5234505
purePursuitUSCity,MRIP2,72,51,4.917693487,4.878152167,44.81,48.67,1.231134523,1.230892928,2.35584812,31.6227766,22.9075688,26.6500761
purePursuitUSCity,MRIP2,73,41,2.543891392,2.543891392,39.49,47.39,1.02665784,1.02874974,0.725295364,31.6227766,21.2774446,27.1210311
purePursuitUSCity,MRIP2,74,71,5.853610585,5.860627987,49.44,51.5,1.190925481,1.187522593,10.75277576,31.6227766,23.3809024,27.7225194
purePursuitUSCity,MRIP2,75,91,1.701208988,1.701208988,73.1,82.35,1.462994217,1.458079133,4.627966874,31.6227766,28.4933182,34.1995411
purePursuitUSCity,MRIP2,76,11,0.002059534,0.002059079,5.98,10.28,0.000705832,0.000127046,2.192146331,31.6227766,12.3637848,16.6844561
purePursuitUSCity,MRIP2,77,61,0.661535311,0.661535311,40.6,47,0.889443764,0.893598503,4.988386467,31.6227766,21.515739,26.5474049
purePursuitUSCity,MRIP2,78,71,7.032034918,7.032034918,0,0,1.654473513,1.654473513,7.064386607,31.6227766,38.9831938,37.9692212
purePursuitUSCity,MRIP2,79,41,0.628480737,0.636430605,40.9,48.1,0.621218381,0.612196305,10.01318508,31.6227766,21.5283073,26.7347721
purePursuitUSCity,MRIP2,80,61,5.924529884,5.924529884,70.49,70.49,3.403600239,3.403600239,1.104978109,31.6227766,28.9562415,31.5372322
purePursuitUSCity,MRIP2,81,62,1.283078097,1.283078097,76.69,76.69,0.805582439,0.805582439,5.555675381,31.6227766,29.9723279,34.931488
purePursuitUSCity,MRIP2,82,21,3.219443859,3.180102081,27.21,34.89,0.540470222,0.540431008,9.395817679,31.6227766,18.7460221,23.9334142
purePursuitUSCity,MRIP2,83,82,5.458492055,5.458492055,61.01,73.32,1.547204064,1.550809914,4.162405147,31.6227766,26.8349333,33.453137
purePursuitUSCity,MRIP2,84,41,6.569286535,6.569286535,29.63,29.63,2.617412374,2.617412374,3.608888662,31.6227766,19.2597931,23.1916654
purePursuitUSCity,MRIP2,85,41,2.070952239,2.054608568,36.67,45.92,0.724871972,0.725748336,8.523531074,31.6227766,21.4212208,23.1008955
purePursuitUSCity,MRIP2,86,31,4.311981288,4.512965743,24.5,25.63,1.191619232,1.143495393,2.699147607,31.6227766,17.7614188,21.8234354
purePursuitUSCity,MRIP2,87,31,1.146679873,1.146679873,41.58,41.58,0.389052173,0.389052173,3.192450725,31.6227766,22.076467,22.2784043
purePursuitUSCity,MRIP2,88,11,0.353180017,0.209991048,15.73,21.02,0.036171819,0.025398972,9.900955797,31.6227766,15.6335354,20.3706365
purePursuitUSCity,MRIP2,89,62,5.498545361,5.498545361,41.34,55.81,1.306383797,1.311474843,0.163869294,31.6227766,22.0978469,29.1118834
purePursuitUSCity,MRIP2,90,31,1.307242909,1.277335066,43,45.58,0.851314442,0.849988593,0.489029846,31.6227766,26.0869302,26.6945702
purePursuitUSCity,MRIP2,91,71,1.76317951,1.76317951,59.98,68.17,1.023824479,0.995455145,1.983053167,31.6227766,26.4714683,32.4818972
purePursuitUSCity,MRIP2,92,71,1.368945111,1.368945111,0,0,0.946773964,0.946773964,31.6227766,31.6227766,35.5165249,35.7201394
purePursuitUSCity,MRIP2,93,71,5.737861084,5.737861084,77.67,77.67,1.925835908,1.925835908,6.459511357,31.6227766,30.6727177,30.7962649
purePursuitUSCity,MRIP2,94,11,0.004509433,0.004640641,13.95,21.05,0,0.001457928,8.18091446,31.6227766,14.9240638,20.0262263
purePursuitUSCity,MRIP2,95,71,22.64778224,22.62505058,96.31,96.35,2.355660721,2.348934397,9.294803581,31.6227766,34.4542712,37.4572836
purePursuitUSCity,MRIP2,96,31,0.018453878,0.018453878,39.05,39.05,0.005607796,0.005607796,5.66245974,31.6227766,21.4703926,24.760935
purePursuitUSCity,MRIP2,97,81,1.291611775,1.291611775,60.56,60.56,1.672118969,1.672118969,1.331006698,31.6227766,26.430458,30.6344929
purePursuitUSCity,MRIP2,98,21,0.044280283,0.062670503,18.75,23.92,0.017304843,0.01681985,0.78962704,31.6227766,16.2657545,20.8292121
purePursuitUSCity,MRIP2,99,52,2.508083715,2.566041699,42.55,51.34,0.477506599,0.467948449,6.180774377,31.6227766,22.1654549,27.5486996
purePursuitUSCity,MRIP2,100,82,2.205812073,2.205812073,58.97,58.97,1.371956629,1.371956629,16.38628098,31.6227766,26.1311994,29.3044473
purePursuitUSCity,MRIP3,1,51,2.067760555,2.009725325,43.47,43.37,1.127653386,1.108685479,31.6227766,31.6227766,26.1818727,25.9451749
purePursuitUSCity,MRIP3,2,51,3.195163593,3.543873604,41.64,41.66,2.245076449,2.255211967,31.6227766,31.6227766,22.1327383,22.1855644
purePursuitUSCity,MRIP3,3,41,1.726995945,1.633132983,25.2,25.82,0.529474757,0.595793833,31.6227766,31.6227766,17.8880731,21.1909547
purePursuitUSCity,MRIP3,4,11,0.003602435,0.003602435,12.95,12.95,0,0,31.6227766,31.6227766,14.6046057,17.8760245
purePursuitUSCity,MRIP3,5,41,1.512141593,1.505140127,71.81,72.21,1.090740959,1.204369882,31.6227766,31.6227766,29.0309297,32.0165452
purePursuitUSCity,MRIP3,6,51,1.224356803,1.329089105,50.49,50.63,0.931513785,1.07411604,31.6227766,31.6227766,23.9513019,27.4557297
purePursuitUSCity,MRIP3,7,31,23.30765748,23.33264659,43.04,43.87,0.666838101,0.701780198,31.6227766,31.6227766,22.0234383,26.0125955
purePursuitUSCity,MRIP3,8,52,0.21010341,0.178435232,8.98,8.97,0.118890502,0.102418401,31.6227766,31.6227766,13.5884704,16.8862878
purePursuitUSCity,MRIP3,9,51,1.432524993,1.420382344,79.33,79.32,1.189824528,1.215092627,31.6227766,31.6227766,30.4367771,33.8892504
purePursuitUSCity,MRIP3,10,31,1.774226191,1.843539323,47.83,48.29,0.377910709,0.485679698,31.6227766,31.6227766,23.7706745,26.390128
purePursuitUSCity,MRIP3,11,51,11.50441615,17.45229074,42.44,45.65,1.956112605,2.153138321,31.6227766,31.6227766,22.2381686,26.57961
purePursuitUSCity,MRIP3,12,32,0.205494277,0.211586435,28.33,28.31,0.06855509,0.058650576,31.6227766,31.6227766,19.0631827,22.2917768
purePursuitUSCity,MRIP3,13,11,0.000641298,0.000641298,2.86,2.86,3.0685E-08,3.02865E-08,31.6227766,31.6227766,11.7695284,15.1310137
purePursuitUSCity,MRIP3,14,61,0.023023053,0.022973399,52.62,52.62,3.49849E-13,3.52018E-10,31.6227766,31.6227766,29.0176107,28.093606
purePursuitUSCity,MRIP3,15,71,1.903555449,1.903391154,91.8,92.43,1.223935011,1.311536848,31.6227766,31.6227766,33.3177374,36.8101682
purePursuitUSCity,MRIP3,16,31,22.11892196,22.12682192,29.72,30.66,0.698779803,1.135663187,31.6227766,31.6227766,19.2722983,23.1736871
purePursuitUSCity,MRIP3,17,41,3.415909619,3.469102997,31.57,31.4,1.089282287,1.185596738,31.6227766,31.6227766,21.3426886,22.9068945
purePursuitUSCity,MRIP3,18,51,2.934734904,2.867887527,44.71,46,0.59131344,0.702837254,31.6227766,31.6227766,22.7408946,26.7494435
purePursuitUSCity,MRIP3,19,62,1.909069431,2.019362283,46.88,46.9,0.618997356,0.672431472,31.6227766,31.6227766,22.9203771,26.5467518
purePursuitUSCity,MRIP3,20,22,0.198460424,0.201681485,30.74,30.72,0.074903087,0.041166934,31.6227766,31.6227766,19.5113016,22.2735276
purePursuitUSCity,MRIP3,21,21,0.05386767,0.054278958,16.12,16.13,0.011928788,0.01097298,31.6227766,31.6227766,15.4434122,18.6994374
purePursuitUSCity,MRIP3,22,51,0.977739257,0.98232302,54.7,54.65,0.803564532,0.815262917,31.6227766,31.6227766,24.7858214,28.6956017
purePursuitUSCity,MRIP3,23,41,1.699503881,1.915920729,24.89,26.29,0.508405817,0.833021751,31.6227766,31.6227766,18.2174046,21.4053801
purePursuitUSCity,MRIP3,24,71,3.401206125,3.468955633,50.75,50.7,1.251202389,1.451610857,31.6227766,31.6227766,24.2168093,27.6210692
purePursuitUSCity,MRIP3,25,61,2.382926582,2.525272625,95.91,96.01,0.351101147,0.350868129,31.6227766,31.6227766,33.9455848,37.5725562
purePursuitUSCity,MRIP3,26,61,22.67082537,22.63449622,70.42,70.89,2.083972514,2.031448695,31.6227766,31.6227766,32.0948003,28.4356346
purePursuitUSCity,MRIP3,27,22,1.682122176,1.885664249,26.15,29.23,0.753923327,1.175926964,31.6227766,31.6227766,18.7878683,22.685746
purePursuitUSCity,MRIP3,28,51,1.404454351,1.569459322,47.58,47.55,1.290434892,1.4899529,31.6227766,31.6227766,23.6532151,26.450143
purePursuitUSCity,MRIP3,29,51,1.88839504,1.913810965,52.13,52.1,1.163680696,1.169432656,31.6227766,31.6227766,24.5488356,24.3850772
purePursuitUSCity,MRIP3,30,62,1.295789973,1.552733122,86.25,87.33,1.312889512,1.419636203,31.6227766,31.6227766,32.1712081,35.5554022
purePursuitUSCity,MRIP3,31,11,0.00205399,0.002056163,6.85,6.85,2.56486E-13,0,31.6227766,31.6227766,13.0762933,16.1278202
purePursuitUSCity,MRIP3,32,62,3.359556462,3.112070022,36.56,38.26,0.618224289,0.608439323,31.6227766,31.6227766,21.1197449,24.8108839
purePursuitUSCity,MRIP3,33,51,1.220992061,1.360564388,35.43,36.01,0.86775019,1.164464874,31.6227766,31.6227766,20.5609966,24.2944113
purePursuitUSCity,MRIP3,34,51,1.496518801,1.608883671,53.74,53.79,0.71662237,0.7539869,31.6227766,31.6227766,24.3616822,24.5654098
purePursuitUSCity,MRIP3,35,71,5.302684287,5.365601749,55.76,54.65,0.757596545,0.672752014,31.6227766,31.6227766,25.3297384,28.7147614
purePursuitUSCity,MRIP3,36,11,0.000638738,0.000638737,3.13,3.13,1.92033E-11,9.37137E-12,31.6227766,31.6227766,11.8759179,14.9112835
purePursuitUSCity,MRIP3,37,22,0.918886222,0.87804861,34.24,33.51,0.803244748,0.529543416,31.6227766,31.6227766,20.4611062,23.5531923
purePursuitUSCity,MRIP3,38,61,1.992888061,1.987700702,60.06,60.03,0.173532834,0.1639744,31.6227766,31.6227766,26.4492005,28.9645829
purePursuitUSCity,MRIP3,39,21,0.915827103,0.874939582,10.59,10.79,0.13509296,0.144439446,31.6227766,31.6227766,17.6533082,17.2201673
purePursuitUSCity,MRIP3,40,41,4.851860317,4.858762425,31.32,32.65,1.183073257,1.591659056,31.6227766,31.6227766,19.8688642,23.7994622
purePursuitUSCity,MRIP3,41,51,2.833139711,2.341833444,68.86,69.4,1.303086585,1.33310885,31.6227766,31.6227766,28.3761891,31.4643603
purePursuitUSCity,MRIP3,42,71,3.776392468,4.036019328,67.53,70.85,2.178034981,2.367445671,31.6227766,31.6227766,28.4264639,31.8914251
purePursuitUSCity,MRIP3,43,81,11.37313399,9.421463259,92.98,92.39,3.363923882,3.518476764,31.6227766,31.6227766,33.7204507,36.5140051
purePursuitUSCity,MRIP3,44,11,0.000493288,0.000493288,2.38,2.38,1.22281E-08,2.82804E-10,31.6227766,31.6227766,11.7069573,14.8834688
purePursuitUSCity,MRIP3,45,81,1.297145287,1.258424937,53.97,54,1.178077475,1.237214036,31.6227766,31.6227766,24.7820655,28.2338465
purePursuitUSCity,MRIP3,46,92,1.297394488,1.267865561,67.62,67.67,0.633192597,0.620738919,31.6227766,31.6227766,27.7457042,31.8124931
purePursuitUSCity,MRIP3,47,51,5.496905826,5.540418243,46.46,46.06,0.651474862,0.58854115,31.6227766,31.6227766,23.4576076,26.5190512
purePursuitUSCity,MRIP3,48,111,4.62596513,3.892228898,0,0,1.3270813,1.325269248,31.6227766,31.6227766,35.7740452,38.5379781
purePursuitUSCity,MRIP3,49,61,3.870472996,4.594638339,54.13,54.21,2.951411663,2.881502619,31.6227766,31.6227766,25.1490501,28.0690315
purePursuitUSCity,MRIP3,50,72,5.553312409,5.603671263,61.41,61.97,1.720896185,1.913929869,31.6227766,31.6227766,31.7514542,29.888021
purePursuitUSCity,MRIP3,51,21,0.004595539,0.00458415,15.33,15.34,2.1481E-11,4.08971E-10,31.6227766,31.6227766,15.2072911,18.4030979
purePursuitUSCity,MRIP3,52,61,1.775597105,1.818782646,58.65,58.93,0.866398294,0.988518467,31.6227766,31.6227766,25.9136941,29.5558069
purePursuitUSCity,MRIP3,53,31,4.49717497,2.552590113,38.95,38.89,0.428277666,0.441949917,31.6227766,31.6227766,21.6707104,24.885035
purePursuitUSCity,MRIP3,54,41,4.919201706,4.989704041,49.34,50.51,0.443477316,0.489095666,31.6227766,31.6227766,23.9066245,27.2546448
purePursuitUSCity,MRIP3,55,51,0.212649503,0.211332938,10.4,10.4,0.063010388,0.062729779,31.6227766,31.6227766,13.8267852,17.4787147
purePursuitUSCity,MRIP3,56,11,0.004504473,0.004504473,9.31,9.31,0,1.63358E-17,31.6227766,31.6227766,13.40649,16.8576789
purePursuitUSCity,MRIP3,57,41,2.171940588,2.24017823,23.55,23.52,0.496056846,0.596708379,31.6227766,31.6227766,17.4011116,21.0732359
purePursuitUSCity,MRIP3,58,51,1.438525996,1.463355244,54.21,54.97,0.716619528,0.899843685,31.6227766,31.6227766,24.991937,28.0398903
purePursuitUSCity,MRIP3,59,81,22.63218725,22.63304599,60.62,60.86,3.646968118,3.691084707,31.6227766,31.6227766,26.6592709,29.9564739
purePursuitUSCity,MRIP3,60,61,0.656741531,0.663967219,52.38,52.39,0.140759622,0.144822391,31.6227766,31.6227766,24.0329565,27.7233187
purePursuitUSCity,MRIP3,61,61,3.559850844,4.006368913,66.67,68.14,1.857536716,2.028525353,31.6227766,31.6227766,27.2846022,28.4131387
purePursuitUSCity,MRIP3,62,51,22.66128236,22.64595864,33.31,33.35,0.530572776,0.577734733,31.6227766,31.6227766,20.2963605,23.9046746
purePursuitUSCity,MRIP3,63,71,1.981331626,2.513900272,79.08,79.02,1.273687485,1.202184918,31.6227766,31.6227766,30.5973312,37.7144704
purePursuitUSCity,MRIP3,64,51,3.481709471,3.491176478,37.77,37.98,0.425407873,0.485835281,31.6227766,31.6227766,21.4844546,25.1071014
purePursuitUSCity,MRIP3,65,21,2.159440508,2.320295986,24.45,24.47,0.373001543,0.412478158,31.6227766,31.6227766,17.3375798,21.146845
purePursuitUSCity,MRIP3,66,61,2.267216576,2.064764928,69.26,70.74,1.123401352,1.204023298,31.6227766,31.6227766,28.0355867,32.338534
purePursuitUSCity,MRIP3,67,21,1.294907288,1.310090152,16.64,16.42,0.511866542,0.402910119,31.6227766,31.6227766,16.1124146,18.9353356
purePursuitUSCity,MRIP3,68,112,4.056858424,2.477800444,58.63,58.91,0.815788603,0.863503688,31.6227766,31.6227766,26.4299575,29.8733675
purePursuitUSCity,MRIP3,69,11,0.005400989,0.005404952,15.05,15.05,2.2517E-11,9.89052E-08,31.6227766,31.6227766,15.0719226,18.2592821
purePursuitUSCity,MRIP3,70,52,20.4610692,20.14391793,54.39,60.9,2.839465404,3.442783287,31.6227766,31.6227766,28.9360502,33.8468117
purePursuitUSCity,MRIP3,71,11,0.06539235,0.058735362,20.27,20.29,0.030239901,0.024101551,31.6227766,31.6227766,16.9730882,19.802875
purePursuitUSCity,MRIP3,72,51,4.917693487,4.942089488,44.81,45.37,1.231134523,1.208021593,31.6227766,31.6227766,22.8503664,26.5619894
purePursuitUSCity,MRIP3,73,41,2.543891392,2.536612479,39.49,40.33,1.02665784,1.116144351,31.6227766,31.6227766,21.6498911,25.4356846
purePursuitUSCity,MRIP3,74,71,5.853610585,4.59039523,49.44,49.46,1.190925481,1.201990292,31.6227766,31.6227766,24.3588194,27.025695
purePursuitUSCity,MRIP3,75,91,1.701208988,3.544439483,73.1,73.41,1.462994217,1.628439956,31.6227766,31.6227766,32.9761835,32.6099211
purePursuitUSCity,MRIP3,76,11,0.002059534,0.002054578,5.98,5.99,0.000705832,0.000316091,31.6227766,31.6227766,12.6060854,15.9712818
purePursuitUSCity,MRIP3,77,61,0.661535311,0.848893582,40.6,40.37,0.889443764,0.947492942,31.6227766,31.6227766,22.014418,25.1317825
purePursuitUSCity,MRIP3,78,71,7.032034918,8.261105735,0,0,1.654473513,1.672529382,31.6227766,31.6227766,35.1030315,38.4041725
purePursuitUSCity,MRIP3,79,41,0.628480737,0.538718622,40.9,40.49,0.621218381,0.600162031,31.6227766,31.6227766,22.2891848,25.2434372
purePursuitUSCity,MRIP3,80,61,5.924529884,6.413098844,70.49,69.81,3.403600239,3.478084401,31.6227766,31.6227766,29.0448133,31.4946434
purePursuitUSCity,MRIP3,81,62,1.283078097,1.279899975,76.69,78.44,0.805582439,0.884603675,31.6227766,31.6227766,29.4945311,33.2624627
purePursuitUSCity,MRIP3,82,21,3.219443859,3.221626177,27.21,28.57,0.540470222,0.612019578,31.6227766,31.6227766,18.1929689,22.8961986
purePursuitUSCity,MRIP3,83,82,5.458492055,18.62523419,61.01,60.52,1.547204064,2.422672203,31.6227766,31.6227766,26.6225678,31.9313732
purePursuitUSCity,MRIP3,84,41,6.569286535,5.316856575,29.63,25.3,2.617412374,1.546436802,31.6227766,31.6227766,19.8180481,21.1600499
purePursuitUSCity,MRIP3,85,41,2.070952239,2.076692697,36.67,36.67,0.724871972,0.713162642,31.6227766,31.6227766,21.1323848,20.8759373
purePursuitUSCity,MRIP3,86,31,4.311981288,4.972551674,24.5,24.95,1.191619232,1.346966596,31.6227766,31.6227766,18.0230189,21.5446232
purePursuitUSCity,MRIP3,87,31,1.146679873,1.130231855,41.58,41.59,0.389052173,0.385075349,31.6227766,31.6227766,26.7089053,21.8943882
purePursuitUSCity,MRIP3,88,11,0.353180017,0.404835967,15.73,15.76,0.036171819,0.051058098,31.6227766,31.6227766,15.6851349,18.6012521
purePursuitUSCity,MRIP3,89,62,5.498545361,5.462501439,41.34,41.77,1.306383797,1.397407665,31.6227766,31.6227766,22.2857022,25.7230799
purePursuitUSCity,MRIP3,90,31,1.307242909,1.315743986,43,44.43,0.851314442,0.903349525,31.6227766,31.6227766,22.635485,26.0546739
purePursuitUSCity,MRIP3,91,71,1.76317951,1.765134597,59.98,60.17,1.023824479,1.059757336,31.6227766,31.6227766,27.6900984,30.1243239
purePursuitUSCity,MRIP3,92,71,1.368945111,1.738335262,0,0,0.946773964,1.031432615,31.6227766,31.6227766,36.6974856,35.842441
purePursuitUSCity,MRIP3,93,71,5.737861084,6.470381755,77.67,80.82,1.925835908,2.008968042,31.6227766,31.6227766,30.4282213,31.1390591
purePursuitUSCity,MRIP3,94,11,0.004509433,0.004503837,13.95,13.95,0,3.30058E-16,31.6227766,31.6227766,14.7432173,18.0572584
purePursuitUSCity,MRIP3,95,71,22.64778224,22.61235502,0,0,2.355660721,2.685340024,31.6227766,31.6227766,34.5376238,38.4324016
purePursuitUSCity,MRIP3,96,31,0.018453878,0.018085466,39.05,39.05,0.005607796,0.004841417,31.6227766,31.6227766,21.3513131,25.103146
purePursuitUSCity,MRIP3,97,81,1.291611775,1.23822461,60.56,60.71,1.672118969,1.600776566,31.6227766,31.6227766,27.1987589,29.9535138
purePursuitUSCity,MRIP3,98,21,0.044280283,0.048973554,18.75,18.73,0.017304843,0.015774605,31.6227766,31.6227766,16.5231604,19.6130116
purePursuitUSCity,MRIP3,99,52,2.508083715,2.259836148,42.55,43.06,0.477506599,0.538693422,31.6227766,31.6227766,22.8161829,30.2757908
purePursuitUSCity,MRIP3,100,82,2.205812073,2.101715862,58.97,58.09,1.371956629,1.182438406,31.6227766,31.6227766,27.1269035,30.5957683
purePursuitUSCity,MRIP4,1,51,2.067760555,1.819276523,43.47,43.68,1.127653386,1.299944133,31.6227766,31.6227766,27.8985075,41.8162862
purePursuitUSCity,MRIP4,2,51,3.195163593,3.204284074,41.64,41.68,2.245076449,2.329872751,31.6227766,31.6227766,26.5716977,39.890451
purePursuitUSCity,MRIP4,3,41,1.726995945,1.932028345,25.2,24.3,0.529474757,0.507056113,31.6227766,31.6227766,23.2885521,32.7110957
purePursuitUSCity,MRIP4,4,11,0.003602435,0.00718599,12.95,12.95,0,0,31.6227766,31.6227766,19.2139604,30.1040097
purePursuitUSCity,MRIP4,5,41,1.512141593,1.504728423,71.81,71.63,1.090740959,1.125718904,31.6227766,31.6227766,36.8034641,48.6713306
purePursuitUSCity,MRIP4,6,51,1.224356803,1.218319897,50.49,50.61,0.931513785,1.077065814,31.6227766,31.6227766,32.8292177,28.5182365
purePursuitUSCity,MRIP4,7,31,23.30765748,23.35790463,43.04,43.37,0.666838101,0.68563607,31.6227766,31.6227766,27.9065482,39.0733134
purePursuitUSCity,MRIP4,8,52,0.21010341,0.213008851,8.98,8.98,0.118890502,0.122159551,31.6227766,31.6227766,20.3140522,30.0410023
purePursuitUSCity,MRIP4,9,51,1.432524993,1.428930233,79.33,78.89,1.189824528,1.192809478,31.6227766,31.6227766,35.6995578,34.3243682
purePursuitUSCity,MRIP4,10,31,1.774226191,1.734467795,47.83,45.68,0.377910709,0.375233616,31.6227766,31.6227766,29.4324495,37.9016501
purePursuitUSCity,MRIP4,11,51,11.50441615,11.67771765,42.44,42.35,1.956112605,2.001730633,31.6227766,31.6227766,26.9200349,38.2496825
purePursuitUSCity,MRIP4,12,32,0.205494277,0.201264779,28.33,28.34,0.06855509,0.086375331,31.6227766,31.6227766,23.5554248,33.9627144
purePursuitUSCity,MRIP4,13,11,0.000641298,0.001272042,2.86,2.86,3.0685E-08,1.49586E-08,31.6227766,31.6227766,19.1619719,17.8684897
purePursuitUSCity,MRIP4,14,61,0.023023053,0.023023053,52.62,52.6,3.49849E-13,7.9626E-10,31.6227766,31.6227766,30.9746297,40.4341892
purePursuitUSCity,MRIP4,15,71,1.903555449,1.898523005,91.8,91.31,1.223935011,1.314918267,31.6227766,31.6227766,38.0462583,41.0012877
purePursuitUSCity,MRIP4,16,31,22.11892196,22.11892196,29.72,29.73,0.698779803,0.697382225,31.6227766,31.6227766,24.6096357,24.6956784
purePursuitUSCity,MRIP4,17,41,3.415909619,3.414495539,31.57,31.55,1.089282287,1.092504849,31.6227766,31.6227766,25.884975,24.3115714
purePursuitUSCity,MRIP4,18,51,2.934734904,2.937640676,44.71,44.76,0.59131344,0.592247134,31.6227766,31.6227766,29.7786856,27.2410312
purePursuitUSCity,MRIP4,19,62,1.909069431,1.891153679,46.88,46.87,0.618997356,0.61843458,31.6227766,31.6227766,28.0838284,22.2740159
purePursuitUSCity,MRIP4,20,22,0.198460424,0.104276353,30.74,30.69,0.074903087,0.0394646,31.6227766,31.6227766,25.6472655,37.2347507
purePursuitUSCity,MRIP4,21,21,0.05386767,0.05380797,16.12,16.13,0.011928788,0.012521607,31.6227766,31.6227766,20.5087236,21.7547612
purePursuitUSCity,MRIP4,22,51,0.977739257,3.363713621,54.7,54.87,0.803564532,0.809399227,31.6227766,31.6227766,29.9328094,29.8604906
purePursuitUSCity,MRIP4,23,41,1.699503881,1.735311003,24.89,24.93,0.508405817,0.512613957,31.6227766,31.6227766,22.7179278,23.8709593
purePursuitUSCity,MRIP4,24,71,3.401206125,7.917435468,50.75,50.76,1.251202389,1.288518057,31.6227766,31.6227766,29.2327854,39.3114741
purePursuitUSCity,MRIP4,25,61,2.382926582,2.380784256,95.91,95.96,0.351101147,0.350078106,31.6227766,31.6227766,38.4565454,37.6023785
purePursuitUSCity,MRIP4,26,61,22.67082537,22.67839311,70.42,70.53,2.083972514,2.116147246,31.6227766,31.6227766,33.2334688,33.6102114
purePursuitUSCity,MRIP4,27,22,1.682122176,1.705159755,26.15,26.24,0.753923327,0.823647447,31.6227766,31.6227766,23.8462703,24.4788721
purePursuitUSCity,MRIP4,28,51,1.404454351,1.407958822,47.58,47.62,1.290434892,1.360521123,31.6227766,31.6227766,28.8006347,28.8619274
purePursuitUSCity,MRIP4,29,51,1.88839504,1.884806834,52.13,52.41,1.163680696,1.332285649,31.6227766,31.6227766,29.7721624,30.0493837
purePursuitUSCity,MRIP4,30,62,1.295789973,1.342952896,86.25,86.7,1.312889512,1.326856113,31.6227766,31.6227766,35.9954728,35.7370607
purePursuitUSCity,MRIP4,31,11,0.00205399,0.004109379,6.85,6.85,2.56486E-13,0,31.6227766,31.6227766,20.1261522,20.2977962
purePursuitUSCity,MRIP4,32,62,3.359556462,3.357706235,36.56,36.48,0.618224289,0.619560587,31.6227766,31.6227766,26.9865804,38.0825051
purePursuitUSCity,MRIP4,33,51,1.220992061,1.219963358,35.43,35.4,0.86775019,0.866846173,31.6227766,31.6227766,25.3774276,26.1721487
purePursuitUSCity,MRIP4,34,51,1.496518801,1.496857373,53.74,53.77,0.71662237,0.749416388,31.6227766,31.6227766,30.8063775,29.9547985
purePursuitUSCity,MRIP4,35,71,5.302684287,5.261376138,55.76,57.39,0.757596545,0.847095779,31.6227766,31.6227766,30.987351,31.6115459
purePursuitUSCity,MRIP4,36,11,0.000638738,0.001261583,3.13,3.13,1.92033E-11,4.70222E-11,31.6227766,31.6227766,18.4754368,18.0656194
purePursuitUSCity,MRIP4,37,22,0.918886222,0.932800701,34.24,34.28,0.803244748,0.809566552,31.6227766,31.6227766,26.090063,26.1317473
purePursuitUSCity,MRIP4,38,61,1.992888061,4.816479543,60.06,59.95,0.173532834,0.102167815,31.6227766,31.6227766,30.8847036,32.3523604
purePursuitUSCity,MRIP4,39,21,0.915827103,0.915181396,10.59,10.6,0.13509296,0.134438481,31.6227766,31.6227766,19.7334493,32.148283
purePursuitUSCity,MRIP4,40,41,4.851860317,4.92222595,31.32,31.32,1.183073257,1.213560501,31.6227766,31.6227766,24.7479954,24.3787378
purePursuitUSCity,MRIP4,41,51,2.833139711,2.645577845,68.86,69.67,1.303086585,1.360492906,31.6227766,31.6227766,33.2784148,26.7719007
purePursuitUSCity,MRIP4,42,71,3.776392468,3.778958931,67.53,68.92,2.178034981,2.17131553,31.6227766,31.6227766,33.3235975,33.2413434
purePursuitUSCity,MRIP4,43,81,11.37313399,9.256682051,92.98,88.58,3.363923882,3.266226172,31.6227766,31.6227766,37.1562152,37.1215168
purePursuitUSCity,MRIP4,44,11,0.000493288,0.001467387,2.38,2.38,1.22281E-08,1.47244E-09,31.6227766,31.6227766,18.1569903,17.7788289
purePursuitUSCity,MRIP4,45,81,1.297145287,1.291983924,53.97,52.94,1.178077475,1.231557161,31.6227766,31.6227766,29.6945436,29.7515466
purePursuitUSCity,MRIP4,46,92,1.297394488,1.21395443,67.62,66.07,0.633192597,0.644934117,31.6227766,31.6227766,32.9697878,35.7149321
purePursuitUSCity,MRIP4,47,51,5.496905826,5.490265765,46.46,46.65,0.651474862,0.648734194,31.6227766,31.6227766,28.8919547,28.433355
purePursuitUSCity,MRIP4,48,111,4.62596513,4.638212738,0,0,1.3270813,1.343780268,31.6227766,31.6227766,40.2100009,49.7737905
purePursuitUSCity,MRIP4,49,61,3.870472996,16.31992661,54.13,53.86,2.951411663,2.972741511,31.6227766,31.6227766,31.2552813,29.7479193
purePursuitUSCity,MRIP4,50,72,5.553312409,5.637381797,61.41,59.51,1.720896185,1.70570653,31.6227766,31.6227766,32.5648703,26.1064132
purePursuitUSCity,MRIP4,51,21,0.004595539,0.009186194,15.33,15.33,2.1481E-11,0.000738384,31.6227766,31.6227766,20.4864346,20.4804328
purePursuitUSCity,MRIP4,52,61,1.775597105,1.789280282,58.65,58.71,0.866398294,0.86164097,31.6227766,31.6227766,31.2345163,31.2162516
purePursuitUSCity,MRIP4,53,31,4.49717497,4.482370044,38.95,39.87,0.428277666,0.548035562,31.6227766,31.6227766,33.0114568,30.1215026
purePursuitUSCity,MRIP4,54,41,4.919201706,10.07832211,49.34,49.39,0.443477316,0.501158385,31.6227766,31.6227766,29.306741,30.414624
purePursuitUSCity,MRIP4,55,51,0.212649503,0.212063441,10.4,10.4,0.063010388,0.065258719,31.6227766,31.6227766,20.8726452,19.9136586
purePursuitUSCity,MRIP4,56,11,0.004504473,0.008984663,9.31,9.31,0,0,31.6227766,31.6227766,19.9551081,19.7383513
purePursuitUSCity,MRIP4,57,41,2.171940588,2.171488237,23.55,23.56,0.496056846,0.492579148,31.6227766,31.6227766,23.8645817,36.3270442
purePursuitUSCity,MRIP4,58,51,1.438525996,1.395949282,54.21,53.28,0.716619528,0.721397523,31.6227766,31.6227766,29.7870062,30.0472168
purePursuitUSCity,MRIP4,59,81,22.63218725,22.64786257,60.62,60.79,3.646968118,3.869559322,31.6227766,31.6227766,31.0071181,32.3463148
purePursuitUSCity,MRIP4,60,61,0.656741531,0.656558014,52.38,52.37,0.140759622,0.140579417,31.6227766,31.6227766,29.6278059,30.1492974
purePursuitUSCity,MRIP4,61,61,3.559850844,3.762173379,66.67,64.51,1.857536716,1.771650848,31.6227766,31.6227766,32.2655802,32.4805514
purePursuitUSCity,MRIP4,62,51,22.66128236,22.67477643,33.31,33.31,0.530572776,0.532257555,31.6227766,31.6227766,25.2807581,26.3180178
purePursuitUSCity,MRIP4,63,71,1.981331626,1.973422675,79.08,79.15,1.273687485,1.348632439,31.6227766,31.6227766,34.3533808,35.5870829
purePursuitUSCity,MRIP4,64,51,3.481709471,3.469503822,37.77,37.69,0.425407873,0.426043772,31.6227766,31.6227766,26.3375029,26.4812528
purePursuitUSCity,MRIP4,65,21,2.159440508,2.155979281,24.45,24.48,0.373001543,0.409607401,31.6227766,31.6227766,22.6547202,24.5687751
purePursuitUSCity,MRIP4,66,61,2.267216576,1.795598157,69.26,68.74,1.123401352,1.182503323,31.6227766,31.6227766,33.5660725,33.1720273
purePursuitUSCity,MRIP4,67,21,1.294907288,1.367288955,16.64,17.64,0.511866542,0.70828263,31.6227766,31.6227766,22.6161537,22.3064048
purePursuitUSCity,MRIP4,68,112,4.056858424,4.068285963,58.63,57.87,0.815788603,0.743410006,31.6227766,31.6227766,30.8573518,32.4649024
purePursuitUSCity,MRIP4,69,11,0.005400989,0.010769131,15.05,15.05,2.2517E-11,6.66073E-08,31.6227766,31.6227766,23.9564646,21.4335576
purePursuitUSCity,MRIP4,70,52,20.4610692,2.673093794,54.39,53.3,2.839465404,1.464398959,31.6227766,31.6227766,33.6115874,31.3446219
purePursuitUSCity,MRIP4,71,11,0.06539235,0.065667146,20.27,20.28,0.030239901,0.024645233,31.6227766,31.6227766,22.2158475,22.2293666
purePursuitUSCity,MRIP4,72,51,4.917693487,4.897938907,44.81,45.22,1.231134523,1.346332484,31.6227766,31.6227766,28.7237327,29.4890021
purePursuitUSCity,MRIP4,73,41,2.543891392,2.567303386,39.49,39.06,1.02665784,0.995818497,31.6227766,31.6227766,27.3582305,26.6542466
purePursuitUSCity,MRIP4,74,71,5.853610585,5.854994097,49.44,49.45,1.190925481,1.192924685,31.6227766,31.6227766,29.6097523,29.5143398
purePursuitUSCity,MRIP4,75,91,1.701208988,1.640892584,73.1,72.52,1.462994217,1.309207965,31.6227766,31.6227766,33.6342618,34.8348101
purePursuitUSCity,MRIP4,76,11,0.002059534,0.004104101,5.98,5.98,0.000705832,6.2187E-06,31.6227766,31.6227766,19.1596102,19.8031235
purePursuitUSCity,MRIP4,77,61,0.661535311,0.762610587,40.6,39,0.889443764,0.763793574,31.6227766,31.6227766,31.7659766,28.1024572
purePursuitUSCity,MRIP4,78,71,7.032034918,7.039095184,0,0,1.654473513,1.81065724,31.6227766,31.6227766,39.096267,41.3229617
purePursuitUSCity,MRIP4,79,41,0.628480737,0.633350608,40.9,40.82,0.621218381,0.626522798,31.6227766,31.6227766,27.2126132,27.8636597
purePursuitUSCity,MRIP4,80,61,5.924529884,9.136396267,70.49,68.47,3.403600239,3.436930929,31.6227766,31.6227766,33.342879,33.4530122
purePursuitUSCity,MRIP4,81,62,1.283078097,1.278101699,76.69,76.8,0.805582439,0.815949379,31.6227766,31.6227766,34.760644,34.4153662
purePursuitUSCity,MRIP4,82,21,3.219443859,3.174375979,27.21,27.7,0.540470222,0.570650421,31.6227766,31.6227766,23.2668355,25.5581898
purePursuitUSCity,MRIP4,83,82,5.458492055,5.450591835,61.01,60.96,1.547204064,1.552135794,31.6227766,31.6227766,32.2409355,31.3576381
purePursuitUSCity,MRIP4,84,41,6.569286535,6.572087061,29.63,29.28,2.617412374,2.616016279,31.6227766,31.6227766,24.9129992,39.0212626
purePursuitUSCity,MRIP4,85,41,2.070952239,2.067565933,36.67,36.65,0.724871972,0.749832596,31.6227766,31.6227766,26.8255498,26.4658474
purePursuitUSCity,MRIP4,86,31,4.311981288,4.334894474,24.5,24.79,1.191619232,1.382089718,31.6227766,31.6227766,23.5430619,24.099513
purePursuitUSCity,MRIP4,87,31,1.146679873,1.157990239,41.58,41.68,0.389052173,0.52874963,31.6227766,31.6227766,28.3740376,28.4509699
purePursuitUSCity,MRIP4,88,11,0.353180017,0.14954826,15.73,15.68,0.036171819,0.017543322,31.6227766,31.6227766,21.4946529,21.3645494
purePursuitUSCity,MRIP4,89,62,5.498545361,5.494604531,41.34,41.28,1.306383797,1.330849211,31.6227766,31.6227766,27.8290341,27.9690037
purePursuitUSCity,MRIP4,90,31,1.307242909,1.303131122,43,43.03,0.851314442,0.853274601,31.6227766,31.6227766,28.7873043,27.9641533
purePursuitUSCity,MRIP4,91,71,1.76317951,1.850858525,59.98,60.14,1.023824479,1.032897741,31.6227766,31.6227766,31.760891,33.117576
purePursuitUSCity,MRIP4,92,71,1.368945111,1.366721501,0,0,0.946773964,0.985061138,31.6227766,31.6227766,37.8324349,40.0697901
purePursuitUSCity,MRIP4,93,71,5.737861084,5.350053172,77.67,78.23,1.925835908,1.965789111,31.6227766,31.6227766,35.0416319,35.3501309
purePursuitUSCity,MRIP4,94,11,0.004509433,0.013436687,13.95,13.95,0,2.53624E-14,31.6227766,31.6227766,20.7862471,21.9104039
purePursuitUSCity,MRIP4,95,71,22.64778224,22.61483771,96.31,97.14,2.355660721,2.524685164,31.6227766,31.6227766,37.3636501,38.9465749
purePursuitUSCity,MRIP4,96,31,0.018453878,0.017863889,39.05,39.05,0.005607796,0.005686916,31.6227766,31.6227766,27.1903113,28.6650222
purePursuitUSCity,MRIP4,97,81,1.291611775,1.185260536,60.56,61.83,1.672118969,1.800390318,31.6227766,31.6227766,31.4015224,32.0403434
purePursuitUSCity,MRIP4,98,21,0.044280283,0.052945769,18.75,18.74,0.017304843,0.018832259,31.6227766,31.6227766,21.5473131,21.8948411
purePursuitUSCity,MRIP4,99,52,2.508083715,2.484022324,42.55,42.52,0.477506599,0.476807942,31.6227766,31.6227766,27.7574665,28.2593707
purePursuitUSCity,MRIP4,100,82,2.205812073,2.099822118,58.97,58.38,1.371956629,1.329994398,31.6227766,31.6227766,31.4097731,31.1674482
